Date,Open,High,Low,Close,Adj Close,Volume
2014-01-02,37.174999,37.674999,37.0,37.134998,33.980747,3027200
2014-01-03,37.16,37.424999,37.049999,37.165001,34.008198,2202800
2014-01-06,37.189999,37.599998,37.080002,37.09,33.939564,1986800
2014-01-07,37.09,37.555,36.855,36.884998,33.751984,3816000
2014-01-08,36.935001,36.990002,36.605,36.849998,33.719944,4705600
2014-01-09,36.945,37.34,36.860001,37.325001,34.154613,4387000
2014-01-10,37.395,37.599998,37.055,37.325001,34.154613,3253200
2014-01-13,37.075001,37.18,36.610001,36.645,33.532379,5264600
2014-01-14,36.77,36.900002,36.485001,36.599998,33.491188,2086600
2014-01-15,36.584999,36.775002,36.25,36.384998,33.294456,2956000
2014-01-16,36.805,36.805,35.935001,36.040001,32.978752,3292000
2014-01-17,36.025002,36.025002,35.610001,35.695,32.663052,3518800
2014-01-21,35.845001,35.915001,35.02,35.209999,32.219257,5006600
2014-01-22,35.665001,35.669998,34.605,34.630001,31.68853,5955600
2014-01-23,34.52,34.535,33.924999,34.244999,31.336229,5469000
2014-01-24,33.919998,34.314999,33.855,33.915001,31.03426,5052800
2014-01-27,33.880001,34.465,33.735001,34.139999,31.240143,5756400
2014-01-28,34.195,34.52,33.814999,33.884998,31.006802,5254600
2014-01-29,33.75,34.060001,33.615002,33.830002,30.956472,5231000
2014-01-30,34.02,34.095001,33.779999,33.98,31.093733,3578400
2014-01-31,33.509998,34.220001,33.5,33.955002,31.070858,4569600
2014-02-03,34.0,34.099998,32.935001,32.965,30.164949,6106600
2014-02-04,33.174999,33.375,32.855,32.889999,30.096312,4890600
2014-02-05,32.84,33.220001,32.575001,33.145,30.329659,9345400
2014-02-06,33.224998,34.68,33.16,34.654999,31.711397,6051600
2014-02-07,34.509998,34.799999,34.16,34.68,31.73427,3379600
2014-02-10,35.290001,35.290001,34.450001,34.564999,31.629042,3262400
2014-02-11,34.639999,35.0,34.615002,34.764999,31.812056,3332400
2014-02-12,35.435001,35.445,34.465,34.580002,31.642778,2838200
2014-02-13,35.09,35.09,34.575001,34.790001,31.834946,2634600
2014-02-14,34.630001,34.875,34.525002,34.709999,31.761734,3809200
2014-02-18,34.685001,34.73,34.16,34.16,31.258446,4484200
2014-02-19,34.215,34.314999,33.880001,33.900002,31.020536,4498400
2014-02-20,33.990002,34.32,33.630001,33.825001,30.9519,4574200
2014-02-21,34.09,34.224998,33.695,33.724998,30.860382,4673800
2014-02-24,33.825001,34.744999,33.705002,34.634998,31.693094,5954200
2014-02-25,34.814999,35.205002,34.355,35.02,32.045395,5077400
2014-02-26,35.419998,36.0,34.994999,35.845001,32.80032,9246400
2014-02-27,36.115002,36.264999,35.724998,36.154999,33.083984,6017600
2014-02-28,36.915001,36.950001,35.785,36.400002,33.30817,8432400
2014-03-03,36.455002,36.455002,35.740002,36.145,33.074841,3297400
2014-03-04,36.314999,36.639999,36.200001,36.224998,33.148041,3304600
2014-03-05,36.744999,36.744999,35.825001,35.974998,32.919277,3758200
2014-03-06,35.985001,36.040001,35.599998,35.875,32.919281,2678000
2014-03-07,36.07,36.130001,35.595001,36.025002,33.056927,3537400
2014-03-10,35.93,36.25,35.830002,36.18,33.19915,2530400
2014-03-11,36.165001,36.305,35.889999,36.125,33.148685,2912800
2014-03-12,36.514999,36.514999,35.985001,36.189999,33.208328,2660800
2014-03-13,36.18,36.285,36.014999,36.150002,33.171623,2425000
2014-03-14,36.080002,36.66,36.080002,36.334999,33.341381,4181600
2014-03-17,36.494999,37.07,36.415001,37.044998,33.992882,3954200
2014-03-18,37.465,37.465,36.549999,36.625,33.607483,3024600
2014-03-19,36.560001,36.900002,36.084999,36.330002,33.336788,2075000
2014-03-20,36.189999,36.540001,36.150002,36.384998,33.387272,1983800
2014-03-21,36.735001,37.014999,36.43,36.485001,33.479027,6136200
2014-03-24,37.049999,37.205002,36.285,36.645,33.625851,3690800
2014-03-25,36.700001,36.860001,35.785,35.834999,32.882576,3805600
2014-03-26,35.93,36.154999,35.544998,35.605,32.671513,2636800
2014-03-27,35.66,35.860001,35.330002,35.705002,32.763283,3714600
2014-03-28,35.775002,36.285,35.700001,36.049999,33.079868,2951000
2014-03-31,36.125,36.299999,35.654999,35.785,32.836685,3185600
2014-04-01,36.005001,36.465,35.845001,36.450001,33.446903,3143800
2014-04-02,36.400002,36.915001,36.369999,36.75,33.722183,3742200
2014-04-03,36.825001,37.139999,36.599998,36.709999,33.685474,1939000
2014-04-04,36.825001,36.889999,36.145,36.189999,33.208328,2317200
2014-04-07,36.095001,36.285,35.290001,35.384998,32.469654,2634600
2014-04-08,35.264999,35.904999,35.084999,35.825001,32.873402,2443000
2014-04-09,35.900002,36.0,35.465,35.720001,32.777058,2279200
2014-04-10,35.630001,35.779999,34.825001,34.93,32.052128,3712200
2014-04-11,34.799999,34.805,34.355,34.525002,31.680506,3353400
2014-04-14,34.775002,34.955002,34.43,34.634998,31.781437,2860600
2014-04-15,34.805,34.994999,34.330002,34.57,31.721792,2887800
2014-04-16,34.84,34.990002,34.634998,34.695,31.836506,1653000
2014-04-17,34.665001,34.945,34.459999,34.494999,31.652981,2246200
2014-04-21,34.610001,34.889999,34.490002,34.514999,31.671316,2254200
2014-04-22,34.59,34.84,34.43,34.535,31.689682,2207400
2014-04-23,34.57,34.695,34.209999,34.264999,31.441923,3236800
2014-04-24,34.389999,34.52,34.209999,34.215,31.396042,2844600
2014-04-25,34.130001,34.259998,33.869999,33.884998,31.093227,4095200
2014-04-28,34.080002,34.264999,33.805,34.134998,31.322636,4521800
2014-04-29,34.330002,34.455002,33.93,34.279999,31.455677,2564400
2014-04-30,34.195,34.27,33.869999,34.040001,31.235464,3125000
2014-05-01,34.134998,34.529999,33.884998,34.264999,31.441923,2338200
2014-05-02,34.48,34.689999,34.145,34.189999,31.373095,2052200
2014-05-05,33.965,34.244999,33.834999,34.035,31.230881,1622200
2014-05-06,33.82,34.005001,33.764999,33.825001,31.038174,6104000
2014-05-07,33.794998,33.935001,33.610001,33.889999,31.097822,3029400
2014-05-08,34.0,34.645,33.955002,34.525002,31.680506,4098200
2014-05-09,34.5,34.639999,34.235001,34.575001,31.726387,3394800
2014-05-12,34.599998,35.049999,34.599998,34.830002,31.960363,2740000
2014-05-13,34.709999,34.860001,34.555,34.575001,31.726387,3151600
2014-05-14,34.57,34.759998,34.439999,34.505001,31.662151,2976000
2014-05-15,34.555,34.555,33.884998,34.209999,31.391453,4021600
2014-05-16,34.279999,34.785,34.279999,34.764999,31.900728,2915800
2014-05-19,34.705002,34.775002,34.525002,34.605,31.753922,2399000
2014-05-20,33.900002,34.014999,33.465,33.555,30.790413,6108800
2014-05-21,33.535,34.27,33.535,34.040001,31.235464,4836200
2014-05-22,34.044998,34.365002,33.889999,34.049999,31.244631,4192000
2014-05-23,34.294998,34.625,33.93,34.424999,31.588741,10124600
2014-05-27,35.294998,35.294998,33.724998,34.150002,31.336405,5914000
2014-05-28,34.220001,34.235001,33.68,33.740002,30.960173,5175000
2014-05-29,33.875,33.884998,33.525002,33.880001,31.08865,4283200
2014-05-30,34.005001,34.34,33.880001,34.224998,31.405212,3636000
2014-06-02,34.235001,34.349998,33.939999,34.174999,31.359335,3401000
2014-06-03,34.07,34.200001,33.924999,34.110001,31.299696,1925600
2014-06-04,33.965,34.314999,33.939999,34.310001,31.483212,1991400
2014-06-05,34.244999,34.445,33.75,34.349998,31.51992,2904000
2014-06-06,34.435001,34.595001,34.275002,34.540001,31.786814,2121600
2014-06-09,34.560001,34.950001,34.325001,34.360001,31.621155,2736800
2014-06-10,34.325001,34.349998,33.830002,33.84,31.142603,3268800
2014-06-11,33.825001,33.84,33.435001,33.700001,31.013763,3138800
2014-06-12,33.615002,33.615002,33.264999,33.389999,30.728466,3424800
2014-06-13,33.380001,33.599998,33.255001,33.560001,30.884922,2784000
2014-06-16,33.455002,33.564999,33.330002,33.474998,30.806692,2701000
2014-06-17,33.48,33.705002,33.375,33.619999,30.940134,2232800
2014-06-18,33.705002,34.150002,33.654999,34.064999,31.349676,2897200
2014-06-19,34.099998,34.205002,33.825001,33.915001,31.211628,2630400
2014-06-20,34.064999,34.285,33.935001,33.970001,31.262243,4886200
2014-06-23,33.900002,34.014999,33.715,33.990002,31.280651,2960600
2014-06-24,33.849998,33.875,33.355,33.380001,30.719267,2804000
2014-06-25,33.470001,33.535,33.084999,33.165001,30.52141,2808000
2014-06-26,33.125,33.189999,32.724998,33.005001,30.374163,3861000
2014-06-27,32.994999,33.084999,32.799999,32.900002,30.277527,2968400
2014-06-30,33.044998,33.305,32.945,33.064999,30.429379,2459000
2014-07-01,33.27,33.294998,32.994999,33.259998,30.608837,2593600
2014-07-02,33.365002,33.615002,33.25,33.485001,30.815903,2408400
2014-07-03,33.529999,33.73,33.529999,33.580002,30.90332,1037800
2014-07-07,33.525002,33.625,33.255001,33.310001,30.654852,1950800
2014-07-08,33.325001,33.544998,33.145,33.465,30.797495,4224400
2014-07-09,33.639999,33.895,33.474998,33.880001,31.179419,2767200
2014-07-10,33.41,33.52,33.220001,33.299999,30.645651,2667600
2014-07-11,33.125,33.325001,32.790001,32.900002,30.277527,2908800
2014-07-14,33.029999,33.165001,32.485001,32.529999,29.937016,3853600
2014-07-15,32.48,32.77,32.450001,32.634998,30.033655,3976800
2014-07-16,32.285,32.544998,31.059999,31.075001,28.598001,11583200
2014-07-17,30.955,31.27,30.915001,31.094999,28.616409,8842800
2014-07-18,31.120001,31.785,31.040001,31.655001,29.131769,4440200
2014-07-21,31.5,31.66,31.309999,31.389999,28.887892,4219200
2014-07-22,31.5,31.625,31.290001,31.299999,28.805063,3646600
2014-07-23,31.280001,31.549999,31.254999,31.5,28.989126,2870400
2014-07-24,31.49,32.0,31.475,31.815001,29.279016,2690400
2014-07-25,31.68,31.875,31.674999,31.73,29.200792,2277000
2014-07-28,31.705,32.105,31.674999,31.975,29.42627,2653000
2014-07-29,32.064999,32.189999,31.865,31.934999,29.389448,2260200
2014-07-30,31.975,32.43,31.975,32.384998,29.803585,3151000
2014-07-31,32.154999,32.439999,32.154999,32.200001,29.633324,3757200
2014-08-01,32.244999,32.465,32.125,32.345001,29.766773,2792200
2014-08-04,32.294998,32.52,32.18,32.445,29.858795,3483200
2014-08-05,32.360001,32.654999,32.150002,32.330002,29.752974,3029000
2014-08-06,32.080002,32.764999,32.080002,32.470001,29.881809,3440400
2014-08-07,32.619999,32.724998,32.244999,32.32,29.743761,3254800
2014-08-08,32.470001,33.575001,32.470001,33.375,30.714666,4027800
2014-08-11,33.290001,33.375,33.115002,33.16,30.516809,2378000
2014-08-12,33.244999,33.314999,32.91,33.005001,30.374163,2164600
2014-08-13,32.875,32.924999,32.400002,32.700001,30.093475,2821800
2014-08-14,32.77,33.080002,32.689999,33.049999,30.415569,1757400
2014-08-15,33.255001,33.285,32.584999,32.775002,30.162487,2539800
2014-08-18,33.07,33.369999,32.915001,33.310001,30.654852,2812000
2014-08-19,33.674999,34.724998,33.674999,34.654999,31.892635,6220000
2014-08-20,34.540001,34.994999,34.34,34.935001,32.150337,4628200
2014-08-21,34.974998,35.075001,34.459999,34.625,31.865036,4838200
2014-08-22,36.125,37.220001,36.095001,37.185001,34.22097,11708000
2014-08-25,37.174999,37.25,36.755001,36.91,33.967888,4458200
2014-08-26,36.91,37.435001,36.91,37.174999,34.211761,3660800
2014-08-27,37.32,37.764999,37.174999,37.575001,34.57988,3109000
2014-08-28,37.455002,37.715,37.044998,37.615002,34.616695,2271000
2014-08-29,37.310001,37.830002,37.310001,37.709999,34.704121,3906000
2014-09-02,37.715,38.040001,37.650002,37.884998,34.86517,3889000
2014-09-03,37.939999,38.255001,37.73,38.055,35.1143,4591000
2014-09-04,38.055,38.514999,38.035,38.435001,35.464951,3308600
2014-09-05,38.310001,38.419998,37.849998,38.419998,35.451103,3697200
2014-09-08,37.825001,38.424999,37.73,38.130001,35.183517,3281600
2014-09-09,38.220001,38.220001,37.584999,37.755001,34.837494,3098000
2014-09-10,37.794998,38.095001,37.535,37.650002,34.740608,2389600
2014-09-11,37.560001,37.764999,37.535,37.740002,34.823654,1976200
2014-09-12,37.645,37.830002,37.334999,37.580002,34.676003,2291000
2014-09-15,37.724998,37.875,37.445,37.474998,34.579128,1822400
2014-09-16,37.470001,37.880001,37.375,37.744999,34.828262,2099200
2014-09-17,37.814999,37.900002,37.514999,37.744999,34.828262,1646600
2014-09-18,37.794998,37.950001,37.695,37.834999,34.911316,1494600
2014-09-19,38.0,38.09,37.529999,37.75,34.832874,3890400
2014-09-22,37.599998,37.860001,37.285,37.294998,34.413036,2274400
2014-09-23,37.334999,37.41,37.049999,37.084999,34.219265,2462600
2014-09-24,37.080002,37.965,37.009998,37.860001,34.93438,2650400
2014-09-25,37.555,37.755001,37.130001,37.415001,34.523762,3067400
2014-09-26,37.345001,38.055,37.294998,38.005001,35.068176,2849000
2014-09-29,37.68,38.0,37.505001,37.73,34.814419,2047600
2014-09-30,37.785,37.869999,37.445,37.790001,34.869785,3030000
2014-10-01,37.720001,37.77,37.400002,37.494999,34.597584,2507600
2014-10-02,37.509998,37.985001,37.360001,37.904999,34.975903,3073400
2014-10-03,38.014999,38.674999,37.904999,38.485001,35.511078,3664000
2014-10-06,38.560001,38.599998,37.764999,37.895,34.966671,2980600
2014-10-07,37.705002,37.84,37.375,37.549999,34.648327,3736400
2014-10-08,37.625,38.345001,37.555,38.220001,35.266567,3677200
2014-10-09,38.27,38.455002,37.865002,38.084999,35.141991,5177800
2014-10-10,38.165001,39.119999,38.084999,38.764999,35.769444,5284600
2014-10-13,38.59,39.150002,38.325001,38.435001,35.464951,3700200
2014-10-14,38.73,39.055,38.470001,38.919998,35.912468,3779600
2014-10-15,38.459999,38.814999,37.82,38.23,35.27578,5229000
2014-10-16,37.59,38.470001,37.59,38.360001,35.395737,3588000
2014-10-17,38.529999,38.764999,38.005001,38.595001,35.612587,3840400
2014-10-20,38.27,39.240002,38.244999,39.200001,36.170826,2420400
2014-10-21,38.505001,40.09,38.505001,39.790001,36.71524,3600800
2014-10-22,39.869999,40.18,39.645,39.695,36.627579,3373200
2014-10-23,39.705002,40.555,39.705002,40.040001,36.945923,3319200
2014-10-24,40.150002,40.264999,39.790001,40.25,37.139702,2817200
2014-10-27,40.244999,40.375,40.025002,40.310001,37.195049,3369800
2014-10-28,40.235001,40.305,39.695,40.16,37.056652,2736000
2014-10-29,40.150002,40.345001,39.82,40.035,36.941299,2032200
2014-10-30,39.939999,40.525002,39.77,40.415001,37.291946,1686600
2014-10-31,40.994999,41.0,40.119999,40.360001,37.241188,2231200
2014-11-03,40.369999,40.709999,40.235001,40.619999,37.48111,1949600
2014-11-04,40.57,40.619999,40.105,40.220001,37.112011,4103000
2014-11-05,40.34,40.544998,40.060001,40.384998,37.264256,1566000
2014-11-06,39.825001,41.005001,39.825001,40.939999,37.776379,2497400
2014-11-07,40.990002,40.990002,40.580002,40.705002,37.559532,2403000
2014-11-10,40.654999,41.189999,40.625,41.154999,37.974754,2874000
2014-11-11,41.195,41.365002,40.84,40.965,37.799438,2545000
2014-11-12,40.855,41.514999,40.794998,41.395,38.196217,3440200
2014-11-13,41.494999,41.549999,40.955002,41.279999,38.090092,2607600
2014-11-14,40.91,40.91,40.424999,40.689999,37.545696,3748000
2014-11-17,40.68,40.965,40.494999,40.669998,37.527233,2605600
2014-11-18,40.0,40.785,39.735001,40.639999,37.499554,3416800
2014-11-19,40.619999,41.154999,40.619999,41.080002,37.905563,3406000
2014-11-20,41.18,41.77,41.025002,41.605,38.38998,4725800
2014-11-21,44.645,44.779999,43.834999,44.650002,41.199684,12594200
2014-11-24,44.880001,45.125,44.084999,44.52,41.079727,5426600
2014-11-25,44.700001,45.084999,44.470001,44.645,41.195072,4367400
2014-11-26,44.779999,45.0,44.654999,44.884998,41.416531,2349000
2014-11-28,45.075001,45.994999,44.75,45.740002,42.205452,1984400
2014-12-01,45.625,45.674999,44.985001,45.080002,41.596458,2767400
2014-12-02,45.23,45.494999,44.654999,45.139999,41.651825,2458800
2014-12-03,44.735001,45.535,44.645,45.424999,41.914803,2332200
2014-12-04,45.380001,45.709999,45.235001,45.525002,42.007065,2199000
2014-12-05,45.695,45.91,45.139999,45.345001,41.840984,1912200
2014-12-08,45.099998,45.549999,44.990002,45.105,41.711506,1441600
2014-12-09,44.695,45.09,44.470001,44.93,41.549675,1943200
2014-12-10,44.869999,45.435001,44.509998,44.650002,41.290737,1866600
2014-12-11,45.514999,46.040001,44.650002,45.41,41.993565,2457800
2014-12-12,45.009998,45.915001,45.009998,45.290001,41.882591,2638600
2014-12-15,45.715,46.185001,45.360001,46.025002,42.562305,2865800
2014-12-16,45.955002,46.375,44.98,44.985001,41.600533,3211000
2014-12-17,45.044998,45.445,44.575001,45.384998,41.97044,3575400
2014-12-18,46.060001,46.355,45.415001,46.355,42.867466,2847800
2014-12-19,46.310001,46.645,45.355,45.509998,42.08604,4843200
2014-12-22,45.759998,46.625,45.395,46.580002,43.075531,2207200
2014-12-23,47.25,47.290001,46.619999,46.66,43.149525,1837600
2014-12-24,46.82,46.895,46.32,46.360001,42.872089,1015600
2014-12-26,46.595001,46.939999,46.474998,46.705002,43.191132,1008600
2014-12-29,46.52,47.345001,46.514999,47.049999,43.510174,1705200
2014-12-30,46.73,47.154999,46.549999,46.965,43.431583,1641400
2014-12-31,47.205002,48.095001,47.119999,47.130001,43.58416,2512200
2015-01-02,47.419998,47.66,46.564999,46.865002,43.339096,1815200
2015-01-05,46.869999,47.119999,46.505001,46.830002,43.306728,3050400
2015-01-06,46.935001,47.535,46.439999,46.919998,43.389961,3519400
2015-01-07,47.130001,47.849998,47.044998,47.834999,44.236115,2605400
2015-01-08,47.955002,48.48,47.775002,48.470001,44.823338,3318200
2015-01-09,48.509998,48.514999,47.384998,47.599998,44.018799,3018400
2015-01-12,47.73,48.055,47.34,47.915001,44.310101,2091800
2015-01-13,48.41,48.889999,47.220001,47.43,43.861591,3035000
2015-01-14,45.904999,46.665001,45.685001,46.314999,42.830475,4475600
2015-01-15,46.005001,46.91,45.529999,45.57,42.141529,3435000
2015-01-16,45.404999,46.509998,44.875,46.450001,42.955318,4099200
2015-01-20,46.564999,46.650002,45.529999,45.904999,42.451321,2866600
2015-01-21,45.865002,46.174999,45.564999,46.084999,42.617771,2511000
2015-01-22,46.09,47.389999,45.759998,47.130001,43.58416,3201000
2015-01-23,47.25,47.584999,47.005001,47.334999,43.773735,2115800
2015-01-26,47.32,47.689999,47.025002,47.615002,44.032669,1808400
2015-01-27,46.384998,47.365002,46.0,47.165001,43.61652,2930600
2015-01-28,47.445,47.994999,46.810001,46.830002,43.306728,2098400
2015-01-29,46.775002,47.305,46.419998,46.814999,43.292858,2899200
2015-01-30,46.715,46.959999,45.639999,45.855,42.40509,6169400
2015-02-02,46.005001,46.075001,44.724998,45.924999,42.469822,2565800
2015-02-03,46.189999,47.310001,45.970001,47.294998,43.736736,2720600
2015-02-04,46.924999,47.685001,46.889999,47.369999,43.806091,3307400
2015-02-05,47.185001,47.919998,47.139999,47.465,43.893959,2042000
2015-02-06,47.695,47.82,47.310001,47.490002,43.917072,1616200
2015-02-09,47.25,47.599998,47.009998,47.310001,43.750622,1374600
2015-02-10,47.689999,47.849998,47.415001,47.669998,44.083534,1399200
2015-02-11,47.84,48.084999,47.34,47.41,43.843086,1469800
2015-02-12,47.505001,47.869999,47.23,47.834999,44.236115,1652600
2015-02-13,47.830002,48.150002,47.5,48.09,44.471928,1492400
2015-02-17,47.860001,48.634998,47.82,48.424999,44.781727,2290800
2015-02-18,48.445,48.599998,47.950001,48.349998,44.712364,1469200
2015-02-19,48.334999,48.665001,48.02,48.459999,44.814091,1648800
2015-02-20,48.564999,49.0,48.25,48.959999,45.276482,2062200
2015-02-23,49.064999,49.43,48.855,49.419998,45.701874,2562600
2015-02-24,49.5,49.974998,49.0,49.035,45.345829,2960800
2015-02-25,48.494999,49.345001,48.424999,49.23,45.526165,5009600
2015-02-26,49.099998,49.849998,49.025002,49.525002,45.798973,3157800
2015-02-27,52.365002,53.115002,51.73,52.904999,48.924679,8778000
2015-03-02,52.705002,53.490002,52.695,52.994999,49.007908,5623200
2015-03-03,53.029999,53.119999,52.384998,52.77,48.799828,3619200
2015-03-04,52.794998,52.98,52.215,52.560001,48.605625,2458200
2015-03-05,52.580002,52.965,52.455002,52.474998,48.635735,3284200
2015-03-06,52.259998,52.860001,52.09,52.200001,48.380871,1853800
2015-03-09,52.395,52.73,52.290001,52.724998,48.867455,2299200
2015-03-10,52.255001,52.705002,52.035,52.459999,48.621849,1744000
2015-03-11,52.415001,52.950001,52.395,52.525002,48.682106,1751800
2015-03-12,52.775002,53.205002,52.544998,53.139999,49.252102,2577200
2015-03-13,53.240002,53.485001,52.605,53.02,49.140877,1801800
2015-03-16,53.365002,53.68,53.27,53.424999,49.516243,1905000
2015-03-17,52.985001,53.349998,52.849998,53.189999,49.298443,1535000
2015-03-18,53.049999,53.139999,52.150002,52.889999,49.020401,2769000
2015-03-19,52.799999,53.41,52.790001,53.369999,49.465271,1951200
2015-03-20,53.654999,54.084999,53.380001,53.73,49.798931,4180600
2015-03-23,53.924999,54.055,53.174999,53.189999,49.298443,3360600
2015-03-24,54.455002,54.455002,53.310001,53.32,49.41893,2453600
2015-03-25,53.220001,53.325001,52.355,52.419998,48.584782,2721000
2015-03-26,52.235001,52.375,51.75,51.884998,48.088924,2505600
2015-03-27,51.779999,52.455002,51.755001,52.064999,48.255745,1737600
2015-03-30,52.325001,53.09,52.09,52.869999,49.001846,1669200
2015-03-31,52.794998,53.470001,52.669998,52.68,48.82576,1976400
2015-04-01,52.5,52.639999,51.650002,52.009998,48.204769,2968400
2015-04-02,52.150002,52.285,51.715,51.959999,48.158428,2119200
2015-04-06,51.755001,52.415001,51.669998,51.974998,48.172337,1574000
2015-04-07,51.790001,52.174999,51.404999,51.41,47.648682,1966400
2015-04-08,51.705002,52.375,51.490002,52.0,48.195511,2304800
2015-04-09,52.125,52.375,51.395,51.84,48.047226,2096600
2015-04-10,51.970001,52.014999,51.5,51.73,47.945259,2179600
2015-04-13,51.790001,52.669998,51.705002,52.095001,48.28355,1961200
2015-04-14,51.889999,52.450001,51.794998,51.900002,48.102814,2884800
2015-04-15,51.990002,52.380001,51.665001,51.68,47.898926,2644800
2015-04-16,51.865002,51.985001,51.595001,51.73,47.945259,2138200
2015-04-17,51.314999,51.459999,49.990002,50.200001,46.527187,3289200
2015-04-20,50.564999,51.285,50.244999,51.145,47.403057,2088000
2015-04-21,51.700001,51.994999,51.334999,51.810001,48.019405,2347600
2015-04-22,51.755001,52.075001,51.404999,51.955002,48.153797,2394400
2015-04-23,51.695,52.529999,51.630001,52.255001,48.431847,1681200
2015-04-24,52.189999,52.494999,52.110001,52.189999,48.371601,1651600
2015-04-27,52.205002,52.294998,51.23,51.240002,47.491119,2122400
2015-04-28,51.084999,51.52,50.630001,50.915001,47.189896,2381400
2015-04-29,50.709999,50.775002,49.415001,49.880001,46.230618,2973600
2015-04-30,49.880001,50.285,49.220001,49.439999,45.822807,2889600
2015-05-01,49.57,50.939999,49.57,50.849998,47.129646,2341000
2015-05-04,50.805,51.014999,50.43,50.639999,46.934998,1661400
2015-05-05,50.395,50.794998,49.965,50.27,46.592075,1922600
2015-05-06,50.264999,50.685001,50.060001,50.599998,46.897934,2124600
2015-05-07,50.654999,50.924999,50.279999,50.415001,46.726475,2418000
2015-05-08,50.775002,51.700001,50.775002,51.275002,47.523556,1984800
2015-05-11,51.395,51.700001,50.985001,51.005001,47.273296,1983800
2015-05-12,50.935001,51.395,50.57,51.035,47.301109,1747800
2015-05-13,51.099998,51.41,50.490002,50.619999,46.916462,2106800
2015-05-14,50.869999,51.169998,49.494999,49.68,46.04525,5066800
2015-05-15,49.825001,50.355,49.540001,50.240002,46.564281,3748400
2015-05-18,50.314999,51.244999,49.939999,51.174999,47.430859,2654000
2015-05-19,52.130001,52.380001,51.305,51.490002,47.722828,3517000
2015-05-20,51.310001,51.384998,50.455002,50.465,46.772812,2650800
2015-05-21,50.334999,51.005001,50.099998,50.775002,47.060127,4253200
2015-05-22,51.459999,51.459999,48.165001,48.514999,44.965485,7419400
2015-05-26,48.625,48.759998,47.610001,47.785,44.288887,4114000
2015-05-27,47.915001,48.584999,47.705002,48.275002,44.743057,2765400
2015-05-28,48.240002,48.630001,48.145,48.470001,44.923771,2597400
2015-05-29,48.535,48.615002,48.119999,48.334999,44.798645,3848600
2015-06-01,48.404999,48.615002,47.880001,48.259998,44.729145,2569400
2015-06-02,48.27,48.869999,48.110001,48.490002,44.94231,2047200
2015-06-03,48.735001,49.145,48.380001,49.09,45.498405,1858000
2015-06-04,48.724998,49.275002,48.724998,48.93,45.350109,2677000
2015-06-05,48.650002,49.150002,48.505001,48.799999,45.338516,2412000
2015-06-08,48.764999,49.264999,48.639999,48.790001,45.329216,2662000
2015-06-09,48.735001,49.029999,48.474998,48.75,45.292046,2770400
2015-06-10,48.830002,49.080002,48.580002,48.915001,45.445347,1952600
2015-06-11,49.060001,49.330002,48.799999,48.93,45.459282,1548600
2015-06-12,48.48,49.080002,48.27,48.529999,45.087654,1893400
2015-06-15,48.220001,48.73,47.869999,48.689999,45.236301,1900900
2015-06-16,48.540001,49.18,48.459999,49.169998,45.682262,1588200
2015-06-17,49.049999,49.599998,48.919998,49.43,45.923817,2120200
2015-06-18,49.630001,50.259998,49.599998,50.16,46.602036,1857000
2015-06-19,50.119999,50.740002,49.84,50.470001,46.890041,3949100
2015-06-22,50.73,50.779999,50.25,50.310001,46.741398,1559500
2015-06-23,50.209999,50.599998,50.119999,50.540001,46.955082,1689300
2015-06-24,49.860001,50.700001,49.860001,50.080002,46.527714,1715100
2015-06-25,50.259998,50.279999,49.790001,49.790001,46.258286,1477000
2015-06-26,50.029999,50.57,49.849998,50.27,46.704239,1925100
2015-06-29,49.91,49.990002,48.5,48.549999,45.106239,1996500
2015-06-30,49.080002,49.27,48.279999,48.610001,45.161976,2317700
2015-07-01,48.959999,49.5,48.82,49.389999,45.886639,1925300
2015-07-02,50.330002,50.450001,48.970001,49.310001,45.812332,2014900
2015-07-06,48.860001,50.130001,48.860001,49.869999,46.332603,2442800
2015-07-07,50.02,50.630001,49.549999,50.57,46.982952,3027500
2015-07-08,50.41,50.639999,49.98,50.169998,46.611313,2439200
2015-07-09,50.689999,51.0,50.27,50.32,46.750679,2495400
2015-07-10,50.810001,51.0,50.5,50.860001,47.25238,2092800
2015-07-13,51.25,52.439999,51.139999,52.41,48.692444,3138200
2015-07-14,52.490002,52.490002,51.84,52.43,48.71101,2546500
2015-07-15,52.360001,52.75,52.080002,52.32,48.608829,2020300
2015-07-16,52.709999,53.0,52.32,52.959999,49.203426,1827200
2015-07-17,52.759998,52.82,52.060001,52.27,48.562366,1757800
2015-07-20,52.560001,52.93,52.380001,52.830002,49.082645,1482200
2015-07-21,52.939999,53.220001,52.43,52.860001,49.110516,1703300
2015-07-22,52.990002,53.5,52.950001,53.279999,49.500721,2143200
2015-07-23,53.290001,53.43,52.790001,52.889999,49.138393,1167400
2015-07-24,52.970001,53.040001,52.549999,52.689999,48.952587,1505400
2015-07-27,52.470001,52.689999,51.939999,52.080002,48.385853,1773700
2015-07-28,52.130001,52.259998,51.650002,52.009998,48.320805,1956400
2015-07-29,52.060001,52.849998,51.959999,52.790001,49.045483,1912800
2015-07-30,52.549999,52.880001,52.220001,52.75,49.008331,1009200
2015-07-31,53.009998,53.220001,52.560001,53.16,49.389236,1194900
2015-08-03,53.25,53.450001,52.759998,53.029999,49.268456,1235700
2015-08-04,52.98,53.389999,52.810001,53.189999,49.417103,1476200
2015-08-05,53.380001,54.139999,53.380001,53.810001,49.99313,1371500
2015-08-06,53.669998,55.220001,53.150002,53.57,49.770161,2502200
2015-08-07,53.459999,53.560001,52.400002,53.07,49.305626,2361100
2015-08-10,53.650002,54.060001,53.560001,53.73,49.918812,1807000
2015-08-11,53.450001,54.080002,53.34,53.82,50.002426,1695600
2015-08-12,53.470001,53.669998,52.73,53.560001,49.760868,1658700
2015-08-13,53.34,54.130001,53.23,53.630001,49.825901,2604100
2015-08-14,53.950001,54.27,53.459999,53.720001,49.909519,2709000
2015-08-17,53.93,54.560001,53.279999,54.5,50.634193,2118500
2015-08-18,55.529999,56.68,55.5,56.529999,52.520195,4010600
2015-08-19,56.139999,56.450001,55.220001,55.700001,51.749073,2564800
2015-08-20,55.25,55.950001,54.950001,55.25,51.33099,3784100
2015-08-21,51.259998,52.299999,49.950001,50.0,46.453377,12828600
2015-08-24,46.700001,49.91,46.599998,48.330002,44.901852,6979900
2015-08-25,49.279999,49.290001,47.169998,47.220001,43.870583,4923000
2015-08-26,48.75,48.93,47.189999,48.93,45.459282,4159600
2015-08-27,49.389999,49.880001,48.740002,49.68,46.15609,3422900
2015-08-28,49.32,50.049999,49.040001,49.400002,45.895947,4007000
2015-08-31,49.290001,49.549999,48.43,48.619999,45.171268,3314500
2015-09-01,47.619999,48.209999,47.32,47.470001,44.102852,3998600
2015-09-02,48.189999,49.490002,47.450001,48.450001,45.1255,3003700
2015-09-03,48.610001,49.200001,48.330002,48.48,45.153442,2664500
2015-09-04,47.82,48.73,47.689999,48.439999,45.116184,3143200
2015-09-08,49.419998,49.82,48.779999,49.77,46.354931,2845700
2015-09-09,50.139999,50.349998,49.240002,49.380001,45.991692,3580300
2015-09-10,49.25,50.25,49.25,49.84,46.420132,2849700
2015-09-11,49.619999,50.080002,49.18,50.060001,46.625027,1722000
2015-09-14,50.150002,50.200001,49.380001,49.459999,46.0662,2702800
2015-09-15,49.580002,49.860001,49.049999,49.419998,46.028942,2113600
2015-09-16,48.200001,49.830002,48.02,49.75,46.336304,2094900
2015-09-17,50.25,51.27,50.189999,50.490002,47.025524,2771000
2015-09-18,49.939999,50.09,49.040001,49.119999,45.749523,4088800
2015-09-21,49.380001,50.0,49.119999,49.439999,46.047565,2465200
2015-09-22,48.720001,49.009998,48.439999,48.919998,45.56324,2791000
2015-09-23,49.040001,49.41,48.779999,49.099998,45.730907,1427900
2015-09-24,48.639999,49.060001,48.34,48.880001,45.525997,2044300
2015-09-25,49.23,49.75,48.68,49.080002,45.71228,2311400
2015-09-28,48.77,49.57,47.330002,47.490002,44.231369,2582800
2015-09-29,47.5,47.93,46.970001,47.560001,44.29657,2335300
2015-09-30,48.139999,48.830002,47.77,48.470001,45.144127,2875900
2015-10-01,48.48,49.200001,47.299999,47.860001,44.575985,4039300
2015-10-02,47.52,48.75,47.119999,48.73,45.386288,2302000
2015-10-05,48.830002,49.240002,48.349998,49.150002,45.77747,3194500
2015-10-06,49.049999,49.150002,47.41,47.689999,44.417645,2775000
2015-10-07,47.970001,48.299999,47.360001,48.150002,44.846092,3749100
2015-10-08,48.049999,49.049999,47.91,49.02,45.656387,2669000
2015-10-09,48.98,49.110001,47.970001,49.040001,45.675026,3011300
2015-10-12,49.139999,50.700001,49.049999,50.529999,47.062782,2859000
2015-10-13,50.27,50.650002,49.369999,49.450001,46.056885,2600300
2015-10-14,50.169998,50.279999,48.310001,48.5,45.172073,3381900
2015-10-15,48.82,49.540001,48.68,49.34,45.954426,2339600
2015-10-16,49.57,50.639999,49.34,50.299999,46.848564,3026300
2015-10-19,50.259998,50.509998,49.869999,50.389999,46.932392,2395500
2015-10-20,50.169998,50.48,50.02,50.34,46.885811,2121500
2015-10-21,50.43,50.68,50.080002,50.18,46.736797,1827400
2015-10-22,50.5,51.490002,50.450001,51.040001,47.537788,2080600
2015-10-23,51.41,51.549999,48.970001,49.66,46.25248,2969200
2015-10-26,49.580002,50.200001,49.360001,49.880001,46.457386,1785600
2015-10-27,49.73,49.880001,48.790001,49.240002,45.861301,2469200
2015-10-28,49.43,50.389999,49.220001,50.349998,46.89513,1536000
2015-10-29,50.259998,50.380001,49.52,50.18,46.736797,1376400
2015-10-30,50.09,50.970001,49.93,50.580002,47.109352,2179100
2015-11-02,50.25,50.93,49.48,50.66,47.183868,2498300
2015-11-03,50.709999,51.84,50.529999,51.740002,48.189758,2816600
2015-11-04,51.790001,51.950001,51.25,51.619999,48.077984,2416800
2015-11-05,51.790001,51.91,51.16,51.540001,48.003475,2476300
2015-11-06,51.5,51.549999,50.049999,50.400002,46.941689,2175600
2015-11-09,50.150002,50.290001,48.5,49.119999,45.749523,3785400
2015-11-10,49.049999,49.990002,48.860001,49.939999,46.51326,2167500
2015-11-11,49.970001,49.98,48.439999,48.52,45.190693,3375200
2015-11-12,48.099998,49.220001,48.07,48.110001,44.808838,2970900
2015-11-13,44.669998,46.5,43.470001,44.810001,41.735271,9629900
2015-11-16,44.869999,46.049999,44.470001,45.77,42.629398,4936100
2015-11-17,47.119999,47.32,45.450001,46.310001,43.132336,4961000
2015-11-18,46.360001,46.66,45.630001,46.419998,43.234791,4260500
2015-11-19,45.009998,46.630001,45.009998,46.200001,43.029896,5138400
2015-11-20,50.400002,51.0,49.060001,50.84,47.351501,8054000
2015-11-23,50.970001,51.25,50.57,51.130001,47.621605,2787600
2015-11-24,50.73,52.549999,50.599998,52.419998,48.823093,4884300
2015-11-25,52.330002,53.049999,52.139999,52.740002,49.121132,3259300
2015-11-27,52.860001,53.029999,52.25,52.66,49.046619,1071200
2015-11-30,52.830002,52.830002,51.740002,52.009998,48.441219,3423400
2015-12-01,52.529999,53.200001,52.23,53.09,49.447124,4127500
2015-12-02,53.139999,53.98,53.139999,53.52,49.847607,3703100
2015-12-03,53.439999,53.610001,51.91,52.509998,48.906918,3971900
2015-12-04,52.790001,54.279999,52.57,54.16,50.443695,2970600
2015-12-07,53.759998,54.07,53.130001,53.82,50.236485,2429600
2015-12-08,53.459999,54.700001,53.009998,54.48,50.852539,2585000
2015-12-09,54.0,55.099998,53.470001,54.040001,50.441833,2959500
2015-12-10,54.25,54.779999,53.610001,54.150002,50.544514,2360500
2015-12-11,53.34,54.029999,53.290001,53.560001,49.993793,2341000
2015-12-14,53.860001,54.77,53.610001,54.41,50.787189,3123400
2015-12-15,54.959999,55.330002,53.919998,54.080002,50.479156,2886400
2015-12-16,54.740002,54.990002,53.959999,54.93,51.272572,2623000
2015-12-17,55.360001,55.490002,53.73,53.860001,50.273811,2523500
2015-12-18,53.459999,53.75,52.900002,52.950001,49.424408,5095400
2015-12-21,53.700001,54.099998,53.290001,53.810001,50.22715,2221500
2015-12-22,54.279999,54.549999,53.799999,54.310001,50.693859,2574100
2015-12-23,54.5,54.73,53.709999,54.34,50.721844,2010100
2015-12-24,54.400002,54.580002,54.009998,54.330002,50.712528,597300
2015-12-28,54.07,54.599998,53.91,54.389999,50.768524,1226700
2015-12-29,53.189999,55.639999,53.189999,54.939999,51.281906,1298200
2015-12-30,54.959999,55.290001,54.540001,54.549999,50.91787,1205000
2015-12-31,54.439999,54.540001,53.799999,53.810001,50.22715,1471700
2016-01-04,53.0,54.369999,52.5,54.369999,50.749855,4145700
2016-01-05,54.369999,55.169998,54.18,54.73,51.085884,3029200
2016-01-06,54.029999,54.529999,53.299999,53.889999,50.301811,2533700
2016-01-07,52.970001,55.110001,52.5,53.759998,50.18047,3774700
2016-01-08,53.84,53.84,51.959999,52.099998,48.631001,2830900
2016-01-11,52.52,52.869999,51.880001,52.59,49.088383,2261900
2016-01-12,53.52,54.860001,53.41,54.450001,50.824535,3878800
2016-01-13,54.259998,54.27,52.07,52.189999,48.715019,3565100
2016-01-14,52.419998,53.369999,51.720001,52.82,49.303059,3212600
2016-01-15,51.209999,52.73,51.209999,52.290001,48.808353,3656500
2016-01-19,52.889999,53.150002,52.080002,52.580002,49.079044,3279000
2016-01-20,51.990002,52.830002,50.419998,52.18,48.705673,4108700
2016-01-21,52.32,52.68,51.91,52.23,48.752342,3216200
2016-01-22,52.959999,54.27,52.740002,54.139999,50.535179,2638200
2016-01-25,54.080002,54.349998,53.400002,53.619999,50.049793,2208400
2016-01-26,53.52,54.48,53.200001,54.330002,50.712528,2145000
2016-01-27,54.369999,54.82,53.41,53.779999,50.199146,2477000
2016-01-28,54.259998,54.43,53.23,53.950001,50.357822,2176800
2016-01-29,54.27,56.32,54.0,56.259998,52.514011,3492100
2016-02-01,56.259998,57.189999,55.849998,56.759998,52.980724,4299200
2016-02-02,56.290001,57.189999,55.689999,56.52,52.756706,3145800
2016-02-03,56.779999,56.919998,54.439999,55.099998,51.431255,3431400
2016-02-04,54.439999,54.790001,53.349998,54.48,50.852539,4135900
2016-02-05,54.209999,54.25,53.009998,53.32,49.769779,4347200
2016-02-08,52.669998,53.599998,52.110001,53.330002,49.779114,3809900
2016-02-09,52.939999,54.860001,52.779999,54.529999,50.899193,3878400
2016-02-10,54.470001,55.639999,53.810001,53.84,50.25515,3474200
2016-02-11,53.220001,53.610001,52.16,52.560001,49.060371,3467900
2016-02-12,53.259998,54.060001,52.310001,53.75,50.171143,2643100
2016-02-16,54.330002,56.110001,54.240002,55.0,51.337914,4148200
2016-02-17,55.52,55.860001,54.900002,55.07,51.403252,4409600
2016-02-18,54.77,55.110001,54.290001,54.82,51.169888,3221000
2016-02-19,54.490002,54.73,53.599998,54.689999,51.048546,3180700
2016-02-22,55.32,55.790001,55.02,55.43,51.739277,3040400
2016-02-23,55.110001,56.0,55.029999,55.349998,51.664608,3101300
2016-02-24,55.25,56.380001,54.84,56.25,52.504677,3838800
2016-02-25,56.549999,56.77,55.709999,56.540001,52.775372,2804700
2016-02-26,56.77,56.82,55.639999,56.290001,52.542015,2443600
2016-02-29,56.099998,56.57,54.919998,54.98,51.319241,6074900
2016-03-01,55.450001,56.529999,55.360001,56.23,52.486019,5119700
2016-03-02,57.849998,58.919998,56.75,57.740002,53.895481,8993600
2016-03-03,58.27,58.43,56.07,57.849998,53.99815,4220300
2016-03-04,57.73,57.810001,57.099998,57.419998,53.596775,3673400
2016-03-07,57.619999,59.439999,57.25,57.529999,53.699455,3128300
2016-03-08,57.41,58.099998,57.23,57.380001,53.559441,2346700
2016-03-09,56.439999,57.470001,56.25,56.580002,52.81271,3208400
2016-03-10,56.279999,57.560001,56.16,57.209999,53.528481,3016500
2016-03-11,57.939999,58.099998,57.209999,57.959999,54.230217,2369700
2016-03-14,57.93,58.299999,57.75,58.169998,54.426701,1551000
2016-03-15,57.849998,58.5,57.849998,58.130001,54.389275,1784100
2016-03-16,57.849998,58.299999,57.43,58.09,54.351849,2502300
2016-03-17,57.990002,58.57,57.66,58.529999,54.763535,2112100
2016-03-18,58.799999,59.68,58.5,59.299999,55.48399,4666700
2016-03-21,58.849998,59.110001,58.209999,58.43,54.669964,2361100
2016-03-22,58.860001,58.900002,58.049999,58.119999,54.37991,2242200
2016-03-23,58.040001,58.41,57.619999,58.18,54.43605,1281200
2016-03-24,58.349998,58.5,56.880001,57.41,53.715607,2527400
2016-03-28,57.540001,57.990002,57.299999,57.59,53.884029,2035400
2016-03-29,57.700001,58.139999,57.5,58.09,54.351849,2081200
2016-03-30,58.27,58.59,57.639999,58.34,54.58577,1830100
2016-03-31,58.34,58.77,57.849998,57.900002,54.17408,1977700
2016-04-01,57.889999,58.790001,57.619999,58.639999,54.866459,2307600
2016-04-04,58.869999,59.009998,58.41,58.650002,54.87582,2941100
2016-04-05,57.68,58.52,57.509998,57.900002,54.17408,2314400
2016-04-06,58.060001,58.790001,57.709999,58.490002,54.726109,1797600
2016-04-07,58.09,58.529999,56.400002,56.700001,53.051296,2996700
2016-04-08,56.669998,56.799999,56.18,56.529999,52.892239,1937400
2016-04-11,56.529999,56.919998,56.009998,56.049999,52.44313,1966400
2016-04-12,56.16,56.490002,55.439999,56.41,52.779957,1554000
2016-04-13,56.68,57.029999,56.110001,56.950001,53.285213,1751200
2016-04-14,56.459999,57.07,56.02,56.98,53.313286,2681200
2016-04-15,57.16,57.34,56.709999,56.950001,53.285213,1945600
2016-04-18,56.93,57.900002,56.75,57.77,54.052444,2095300
2016-04-19,57.950001,58.049999,57.209999,57.529999,53.827885,1506600
2016-04-20,57.509998,57.669998,57.049999,57.389999,53.696896,2033300
2016-04-21,57.630001,58.099998,57.200001,57.25,53.565903,2286500
2016-04-22,57.169998,57.389999,56.5,56.669998,53.023232,2286300
2016-04-25,56.689999,57.119999,56.139999,57.0,53.331989,2073600
2016-04-26,57.130001,57.84,56.869999,57.599998,53.893375,1577900
2016-04-27,57.59,58.310001,57.130001,58.209999,54.464127,1918200
2016-04-28,57.990002,58.23,57.310001,57.439999,53.743679,2032500
2016-04-29,56.939999,57.099998,56.07,56.779999,53.126156,2940500
2016-05-02,57.07,57.779999,56.68,57.59,53.884029,1267900
2016-05-03,57.279999,57.689999,56.66,57.299999,53.612686,1499300
2016-05-04,56.950001,57.799999,56.689999,57.639999,53.930805,1661000
2016-05-05,57.509998,57.900002,56.439999,56.470001,52.836098,1897000
2016-05-06,55.509998,57.09,55.509998,57.07,53.397495,2074900
2016-05-09,57.82,58.360001,56.919998,58.16,54.417347,2305200
2016-05-10,58.240002,58.5,57.23,57.560001,53.855961,2393700
2016-05-11,55.400002,55.830002,54.43,54.439999,50.936733,5519400
2016-05-12,54.540001,55.349998,53.869999,55.09,51.544899,3635400
2016-05-13,55.09,55.639999,54.279999,54.32,50.824459,3385100
2016-05-16,54.169998,55.93,54.0,55.740002,52.153076,3181800
2016-05-17,56.689999,57.209999,54.139999,54.52,51.011581,4934200
2016-05-18,54.119999,54.700001,53.34,54.310001,50.815094,3216600
2016-05-19,54.630001,55.860001,54.619999,55.52,51.947231,5564900
2016-05-20,52.049999,53.950001,52.0,52.490002,49.112221,11595400
2016-05-23,52.529999,53.049999,52.169998,52.400002,49.028008,4340400
2016-05-24,52.639999,53.549999,52.52,53.360001,49.926231,3007700
2016-05-25,53.290001,53.880001,52.82,53.41,49.973007,2900800
2016-05-26,53.709999,54.439999,53.540001,53.880001,50.412762,2568400
2016-05-27,54.07,54.23,53.59,53.919998,50.450188,2254700
2016-05-31,54.41,54.439999,53.060001,53.400002,49.963654,3004400
2016-06-01,53.470001,53.869999,53.259998,53.299999,49.87009,2197100
2016-06-02,53.34,53.77,53.200001,53.689999,50.235004,2215900
2016-06-03,53.470001,53.470001,52.869999,53.09,49.79882,2591100
2016-06-06,53.200001,53.349998,52.060001,52.34,49.095322,3106800
2016-06-07,52.380001,53.400002,52.27,53.18,49.883244,3828200
2016-06-08,53.240002,53.59,52.990002,53.450001,50.136505,2442100
2016-06-09,53.32,54.5,52.93,54.220001,50.858765,4723900
2016-06-10,53.599998,53.93,53.259998,53.630001,50.305344,2859300
2016-06-13,53.549999,53.849998,53.029999,53.540001,50.220928,3103300
2016-06-14,53.5,54.02,53.23,53.889999,50.549221,3433700
2016-06-15,53.91,54.66,53.82,54.32,50.952576,3625200
2016-06-16,54.130001,54.57,54.0,54.43,51.055744,2272500
2016-06-17,54.310001,54.490002,53.91,54.25,50.886906,3557500
2016-06-20,54.700001,55.25,54.16,54.200001,50.840004,2152700
2016-06-21,54.310001,54.98,54.150002,54.849998,51.449711,2765000
2016-06-22,54.799999,55.23,54.139999,54.43,51.055744,2981600
2016-06-23,54.689999,54.98,53.82,54.07,50.718079,2249000
2016-06-24,52.75,54.950001,52.75,54.419998,51.046375,5501500
2016-06-27,54.299999,54.869999,53.34,54.75,51.355915,4214900
2016-06-28,54.68,55.450001,54.509998,55.34,51.90934,2825300
2016-06-29,55.540001,56.34,55.540001,55.77,52.312675,3042300
2016-06-30,55.860001,56.73,55.610001,56.689999,53.175648,2604500
2016-07-01,56.549999,57.23,56.16,56.349998,52.856724,1959700
2016-07-05,56.189999,56.529999,55.889999,56.360001,52.866104,1577300
2016-07-06,56.34,56.799999,55.990002,56.790001,53.269447,2822300
2016-07-07,56.529999,56.810001,56.310001,56.560001,53.053707,1762000
2016-07-08,57.0,58.220001,56.700001,58.189999,54.582668,2466200
2016-07-11,58.16,58.32,57.610001,58.060001,54.460716,2868600
2016-07-12,58.23,58.360001,57.599998,57.900002,54.310642,3131200
2016-07-13,58.23,58.509998,57.700001,58.040001,54.441963,2238000
2016-07-14,58.240002,58.259998,57.799999,58.02,54.423203,1861900
2016-07-15,58.34,58.34,57.889999,58.189999,54.582668,2187000
2016-07-18,58.41,59.369999,58.32,58.950001,55.295544,2184600
2016-07-19,58.889999,59.290001,58.82,59.209999,55.539429,2208300
2016-07-20,59.220001,59.5,59.060001,59.32,55.642609,1751400
2016-07-21,59.32,59.5,58.900002,59.220001,55.548813,1570400
2016-07-22,59.599998,60.189999,59.130001,59.970001,56.252316,1976700
2016-07-25,59.919998,61.259998,59.830002,61.130001,57.340397,2775000
2016-07-26,61.040001,62.02,61.040001,61.98,58.137703,3674900
2016-07-27,61.830002,62.349998,61.23,61.389999,57.58427,3415900
2016-07-28,61.400002,61.700001,60.900002,61.330002,57.528004,2405700
2016-07-29,61.310001,61.889999,61.080002,61.830002,57.997013,2159300
2016-08-01,61.720001,62.02,61.080002,61.580002,57.762516,2103400
2016-08-02,61.369999,61.650002,60.330002,60.68,56.918285,2118600
2016-08-03,60.209999,61.32,59.57,61.32,57.518627,2520500
2016-08-04,61.439999,61.799999,61.169998,61.490002,57.678089,2060500
2016-08-05,61.73,62.139999,61.490002,61.849998,58.01577,2157400
2016-08-08,61.82,61.880001,61.240002,61.509998,57.696835,2294000
2016-08-09,61.540001,61.689999,60.580002,60.799999,57.030853,3192700
2016-08-10,61.02,61.330002,60.5,61.060001,57.274734,2595400
2016-08-11,61.720001,62.369999,61.09,61.959999,58.118946,2441700
2016-08-12,61.5,63.139999,61.299999,63.119999,59.207027,3110400
2016-08-15,63.330002,63.619999,63.02,63.220001,59.300831,3216200
2016-08-16,62.330002,63.07,61.82,61.869999,58.034519,4645500
2016-08-17,61.880001,62.380001,61.68,62.299999,58.437866,2979800
2016-08-18,62.490002,63.650002,62.299999,62.880001,58.981911,4835300
2016-08-19,64.5,66.279999,64.199997,65.059998,61.026768,7260000
2016-08-22,65.07,65.260002,64.370003,64.449997,60.454586,4935700
2016-08-23,64.760002,64.970001,64.169998,64.300003,60.313892,2887600
2016-08-24,64.169998,64.309998,63.66,63.869999,59.910542,2419000
2016-08-25,63.830002,64.019997,62.900002,63.41,59.479065,3492000
2016-08-26,63.459999,63.900002,62.950001,63.259998,59.338364,2222500
2016-08-29,63.23,63.610001,62.91,63.110001,59.197659,2540300
2016-08-30,62.91,63.080002,62.080002,62.299999,58.437866,2190700
2016-08-31,62.220001,62.419998,61.82,62.240002,58.508369,2603900
2016-09-01,62.459999,62.509998,61.630001,62.380001,58.639984,1813500
2016-09-02,62.549999,62.84,62.130001,62.73,58.968994,1316600
2016-09-06,62.529999,62.75,61.830002,62.75,58.987789,2361300
2016-09-07,62.099998,63.029999,62.099998,62.860001,59.091206,2233200
2016-09-08,62.639999,63.0,62.450001,62.720001,58.959595,2082900
2016-09-09,62.200001,62.419998,60.77,60.779999,57.135902,3021000
2016-09-12,60.860001,61.790001,60.790001,61.709999,58.010147,2244100
2016-09-13,61.41,62.0,60.810001,61.169998,57.502522,2409700
2016-09-14,61.169998,61.610001,61.040001,61.299999,57.624741,1897900
2016-09-15,61.09,62.09,60.84,61.950001,58.235767,1846300
2016-09-16,61.810001,62.02,61.310001,61.93,58.216961,2934300
2016-09-19,62.07,62.810001,61.93,62.529999,58.780979,2338900
2016-09-20,62.540001,63.009998,62.369999,62.91,59.138203,2621600
2016-09-21,63.459999,63.459999,62.5,63.349998,59.551819,2288200
2016-09-22,63.580002,64.279999,63.5,63.98,60.144039,2083200
2016-09-23,63.580002,64.620003,63.580002,64.260002,60.407269,1814500
2016-09-26,64.120003,64.260002,63.48,63.759998,59.937237,1762800
2016-09-27,63.639999,64.599998,63.639999,64.389999,60.529472,2200700
2016-09-28,64.489998,64.510002,63.23,63.43,59.627026,2197700
2016-09-29,63.41,63.950001,63.189999,63.349998,59.551819,1982000
2016-09-30,63.869999,64.529999,63.529999,64.300003,60.444874,2042000
2016-10-03,63.970001,64.650002,63.740002,64.230003,60.379063,2091100
2016-10-04,64.139999,64.690002,64.019997,64.260002,60.407269,1597500
2016-10-05,64.25,65.400002,64.239998,64.480003,60.614067,2318300
2016-10-06,64.239998,64.540001,63.830002,64.370003,60.510666,1757300
2016-10-07,64.669998,65.290001,63.950001,64.279999,60.426064,1945200
2016-10-10,64.68,64.989998,64.080002,64.199997,60.350857,1823500
2016-10-11,64.150002,64.160004,63.540001,63.75,59.927837,1944600
2016-10-12,63.919998,64.949997,63.849998,64.900002,61.008896,2141500
2016-10-13,64.620003,64.830002,64.050003,64.809998,60.924294,2001800
2016-10-14,64.940002,65.139999,64.540001,64.660004,60.783298,1626700
2016-10-17,64.699997,65.050003,64.279999,64.389999,60.529472,2152200
2016-10-18,64.660004,64.900002,63.540001,63.549999,59.739834,2262700
2016-10-19,64.599998,64.599998,63.029999,63.360001,59.561226,3019000
2016-10-20,63.470001,64.0,63.240002,63.41,59.608231,2042300
2016-10-21,63.189999,63.419998,62.77,63.400002,59.598831,1799900
2016-10-24,63.73,63.93,63.139999,63.389999,59.589428,2108100
2016-10-25,63.040001,63.330002,62.560001,63.130001,59.345009,1758000
2016-10-26,63.060001,63.98,63.0,63.5,59.692833,2040000
2016-10-27,63.5,63.619999,62.080002,62.310001,58.574173,2235800
2016-10-28,62.189999,62.549999,61.779999,62.279999,58.545971,2324700
2016-10-31,62.43,62.57,61.900002,62.540001,58.790386,3182600
2016-11-01,62.400002,62.689999,61.82,62.110001,58.386173,3157900
2016-11-02,62.18,62.41,61.830002,62.110001,58.386173,1842700
2016-11-03,62.32,62.389999,61.200001,61.279999,57.605927,2118300
2016-11-04,61.029999,62.139999,61.029999,61.400002,57.718739,2293800
2016-11-07,61.91,62.880001,61.630001,62.59,58.837395,3191900
2016-11-08,62.59,63.689999,62.290001,62.849998,59.081795,2801700
2016-11-09,61.529999,63.0,61.0,62.860001,59.091206,2880800
2016-11-10,63.130001,64.639999,62.93,63.240002,59.448418,3491200
2016-11-11,63.130001,63.900002,62.52,63.639999,59.824436,3390500
2016-11-14,63.73,64.470001,63.57,63.599998,59.786819,3865000
2016-11-15,64.0,64.010002,61.98,63.09,59.307411,4099800
2016-11-16,63.09,64.089996,62.919998,63.860001,60.031254,3744500
2016-11-17,64.110001,65.529999,63.110001,65.529999,61.601135,4038300
2016-11-18,67.720001,68.839996,66.599998,68.0,63.923023,6999100
2016-11-21,68.019997,68.360001,67.559998,67.93,63.857227,4024500
2016-11-22,68.650002,69.809998,68.550003,68.940002,64.806656,7715400
2016-11-23,68.809998,69.739998,68.529999,69.25,65.098091,2832500
2016-11-25,69.550003,69.550003,68.860001,69.040001,64.900681,1036400
2016-11-28,68.790001,69.0,68.290001,68.360001,64.261452,2693800
2016-11-29,68.599998,68.849998,68.209999,68.57,64.458862,2221300
2016-11-30,68.449997,68.720001,67.580002,67.589996,63.537598,4411600
2016-12-01,67.459999,67.949997,67.089996,67.379997,63.340195,2925100
2016-12-02,67.449997,67.879997,67.190002,67.360001,63.321396,2248700
2016-12-05,67.690002,67.919998,66.870003,67.150002,63.250763,2765700
2016-12-06,67.260002,67.5,66.699997,67.260002,63.354374,2626200
2016-12-07,67.379997,68.300003,67.050003,68.260002,64.29628,2360200
2016-12-08,68.129997,68.440002,67.470001,67.699997,63.768818,2451300
2016-12-09,67.779999,67.779999,66.910004,67.620003,63.69347,2198400
2016-12-12,67.449997,67.809998,67.010002,67.389999,63.476826,1786700
2016-12-13,67.690002,68.690002,67.440002,68.269997,64.305702,2698600
2016-12-14,68.400002,68.459999,67.209999,67.440002,63.52393,2827300
2016-12-15,67.68,67.940002,67.07,67.269997,63.363781,3236900
2016-12-16,67.489998,69.529999,67.290001,69.529999,65.492561,11132700
2016-12-19,69.0,69.239998,68.339996,68.410004,64.437592,4173800
2016-12-20,68.519997,69.0,68.139999,68.43,64.456436,3205900
2016-12-21,68.449997,68.730003,67.970001,68.0,64.051407,2105700
2016-12-22,67.830002,67.959999,66.989998,67.110001,63.213078,2058500
2016-12-23,67.150002,67.580002,67.07,67.110001,63.213078,1411300
2016-12-27,67.260002,67.709999,67.139999,67.150002,63.250763,1266400
2016-12-28,67.279999,67.589996,66.470001,66.519997,62.657337,1808600
2016-12-29,66.489998,67.139999,66.279999,66.370003,62.516052,1670200
2016-12-30,66.690002,66.959999,65.489998,65.599998,61.790756,2776900
2017-01-03,66.019997,66.970001,65.389999,65.610001,61.800182,3023800
2017-01-04,65.660004,66.760002,65.620003,66.550003,62.685596,2970600
2017-01-05,65.720001,66.589996,65.550003,65.690002,61.875538,2798800
2017-01-06,65.790001,65.989998,65.260002,65.309998,61.517601,2183200
2017-01-09,65.269997,65.980003,65.269997,65.449997,61.649471,2182200
2017-01-10,65.309998,67.199997,65.260002,66.769997,62.892815,3020300
2017-01-11,66.790001,67.209999,66.080002,66.550003,62.685596,1919600
2017-01-12,66.349998,66.690002,65.910004,66.589996,62.723282,1209900
2017-01-13,66.510002,67.089996,66.489998,66.93,63.04353,1418100
2017-01-17,66.900002,68.360001,66.809998,67.120003,63.222496,1611900
2017-01-18,67.400002,67.400002,66.720001,66.900002,63.015282,1935500
2017-01-19,66.769997,67.0,65.830002,65.959999,62.12986,1469300
2017-01-20,66.279999,66.440002,65.480003,66.0,62.167538,1732700
2017-01-23,65.809998,66.07,64.889999,65.110001,61.329212,2048800
2017-01-24,65.190002,66.220001,65.190002,66.110001,62.27113,1676500
2017-01-25,66.339996,66.5,65.709999,65.959999,62.12986,2194100
2017-01-26,66.139999,66.349998,65.519997,65.57,61.762497,2090500
2017-01-27,65.82,65.870003,64.940002,65.330002,61.536457,1967600
2017-01-30,65.260002,65.68,64.68,65.389999,61.592949,1655400
2017-01-31,65.150002,66.129997,64.580002,66.110001,62.27113,1832300
2017-02-01,66.019997,66.32,65.480003,65.879997,62.054504,2148200
2017-02-02,65.730003,66.18,65.459999,65.639999,61.828438,1654800
2017-02-03,65.910004,66.580002,65.620003,65.959999,62.12986,1698700
2017-02-06,65.809998,66.459999,65.660004,66.339996,62.487789,1734900
2017-02-07,66.349998,66.68,66.080002,66.360001,62.506618,1368200
2017-02-08,66.360001,67.860001,66.330002,67.669998,63.74057,1950400
2017-02-09,67.800003,68.440002,67.699997,68.169998,64.21151,1818400
2017-02-10,68.32,68.959999,67.839996,68.790001,64.795532,2219200
2017-02-13,69.0,69.029999,67.989998,68.050003,64.098495,2116300
2017-02-14,68.050003,68.720001,67.940002,68.699997,64.710739,1994600
2017-02-15,68.510002,68.949997,68.389999,68.919998,64.917976,2377700
2017-02-16,69.080002,69.080002,67.970001,68.260002,64.29628,2542000
2017-02-17,68.220001,68.589996,67.870003,68.550003,64.569466,4137500
2017-02-21,68.989998,69.529999,68.550003,68.809998,64.814354,2788200
2017-02-22,68.93,69.400002,68.720001,69.040001,65.031013,2540500
2017-02-23,68.839996,68.93,67.559998,67.639999,63.712303,2618100
2017-02-24,67.75,69.370003,67.519997,69.010002,65.002762,3232900
2017-02-27,68.980003,69.389999,68.669998,69.150002,65.134636,2380300
2017-02-28,68.849998,68.849998,68.050003,68.580002,64.597702,3499400
2017-03-01,68.019997,68.25,65.629997,66.800003,62.921085,7923600
2017-03-02,66.730003,68.379997,66.620003,67.809998,63.872429,3312000
2017-03-03,67.800003,67.910004,66.550003,67.07,63.175392,2605500
2017-03-06,67.059998,67.540001,66.639999,67.400002,63.486237,2819100
2017-03-07,67.160004,67.580002,66.690002,66.870003,62.987026,2496000
2017-03-08,66.709999,67.110001,66.43,66.709999,62.987011,1965800
2017-03-09,66.730003,66.830002,66.370003,66.650002,62.930351,1867600
2017-03-10,67.110001,67.139999,66.440002,66.959999,63.223061,2016900
2017-03-13,66.940002,67.199997,66.540001,66.949997,63.213619,2354400
2017-03-14,66.879997,67.459999,66.709999,67.279999,63.525181,1648600
2017-03-15,67.230003,67.760002,66.830002,67.540001,63.770699,1357200
2017-03-16,67.239998,67.949997,67.220001,67.309998,63.553532,1863500
2017-03-17,67.910004,67.910004,67.089996,67.650002,63.874561,3324800
2017-03-20,67.459999,67.639999,66.279999,66.459999,62.750969,2135800
2017-03-21,66.709999,66.75,65.440002,65.769997,62.09948,2453200
2017-03-22,66.0,66.489998,65.410004,66.349998,62.647091,1821300
2017-03-23,66.239998,66.599998,65.690002,65.769997,62.09948,1740500
2017-03-24,66.089996,66.550003,65.690002,66.120003,62.429935,1857400
2017-03-27,65.760002,65.910004,65.209999,65.339996,61.693474,2326200
2017-03-28,65.269997,65.860001,64.760002,65.769997,62.09948,2075100
2017-03-29,65.769997,66.379997,65.459999,66.059998,62.373287,1593300
2017-03-30,65.940002,66.629997,65.870003,66.610001,62.892582,1740900
2017-03-31,66.400002,66.519997,65.809998,65.870003,62.193893,1655300
2017-04-03,66.050003,66.050003,65.019997,65.18,61.542408,2313800
2017-04-04,65.099998,65.169998,63.540001,63.66,60.107235,2788500
2017-04-05,63.689999,63.82,62.459999,62.529999,59.040291,4965400
2017-04-06,62.93,64.0,62.869999,63.450001,59.908947,4468600
2017-04-07,63.540001,63.580002,62.959999,63.09,59.569042,3140800
2017-04-10,63.0,63.810001,63.0,63.5,59.956161,2197500
2017-04-11,63.459999,63.990002,63.220001,63.91,60.343277,2060500
2017-04-12,64.080002,64.089996,63.650002,63.73,60.173317,2225100
2017-04-13,63.889999,64.019997,63.189999,63.200001,59.672901,1743000
2017-04-17,63.560001,63.639999,63.02,63.279999,59.748432,1869400
2017-04-18,63.32,63.610001,63.169998,63.41,59.871185,1756500
2017-04-19,63.740002,64.080002,63.560001,63.73,60.173317,2007600
2017-04-20,63.790001,65.0,63.790001,64.660004,61.051437,2857800
2017-04-21,64.660004,64.93,64.110001,64.900002,61.278034,2150100
2017-04-24,65.419998,65.699997,64.660004,65.059998,61.429096,2118800
2017-04-25,65.209999,65.339996,64.519997,64.75,61.136395,1804000
2017-04-26,65.129997,65.510002,64.93,65.050003,61.419647,1910600
2017-04-27,65.029999,65.889999,65.019997,65.540001,61.882313,2349500
2017-04-28,65.589996,65.589996,64.650002,65.0,61.372448,2823800
2017-05-01,65.300003,65.43,64.07,64.080002,60.503796,1814000
2017-05-02,64.07,64.769997,63.959999,64.720001,61.108078,2524300
2017-05-03,64.849998,65.220001,64.660004,65.139999,61.504631,1741900
2017-05-04,65.139999,65.389999,64.330002,64.57,60.96645,1876200
2017-05-05,64.699997,64.900002,64.410004,64.699997,61.089195,1922300
2017-05-08,64.75,64.889999,64.43,64.629997,61.023098,1532100
2017-05-09,64.589996,65.589996,64.360001,65.220001,61.580162,1696400
2017-05-10,65.269997,66.529999,64.940002,66.050003,62.36385,3073200
2017-05-11,65.589996,65.800003,64.57,65.230003,61.589607,2691100
2017-05-12,64.980003,65.120003,63.470001,63.490002,59.946724,3332500
2017-05-15,63.450001,63.619999,62.279999,62.349998,58.870338,5505100
2017-05-16,60.540001,61.869999,59.669998,61.5,58.067776,8804300
2017-05-17,61.310001,62.43,61.220001,61.52,58.086662,4108700
2017-05-18,61.849998,62.16,61.009998,61.07,57.661781,3702900
2017-05-19,62.91,63.950001,61.23,62.200001,58.728722,6901200
2017-05-22,62.299999,62.919998,61.880001,62.450001,58.96476,3686100
2017-05-23,62.299999,62.630001,61.75,62.02,58.55875,3343400
2017-05-24,62.029999,62.509998,61.68,61.950001,58.492668,3015100
2017-05-25,62.349998,63.27,62.110001,63.0,59.484058,4109600
2017-05-26,63.150002,63.689999,62.790001,63.52,59.975048,1922900
2017-05-30,63.560001,63.740002,63.299999,63.43,59.890068,2233700
2017-05-31,63.43,63.939999,63.16,63.919998,60.352711,3039200
2017-06-01,63.880001,64.0,63.240002,63.68,60.126118,2763000
2017-06-02,63.459999,63.889999,63.310001,63.740002,60.33437,2018700
2017-06-05,63.869999,63.880001,63.290001,63.32,59.936806,2234600
2017-06-06,63.099998,63.25,61.73,61.84,58.535881,3443300
2017-06-07,62.130001,62.509998,61.860001,62.110001,58.791454,2851600
2017-06-08,62.529999,62.630001,61.189999,61.32,58.043663,3451800
2017-06-09,61.419998,62.080002,60.740002,61.959999,58.649467,2498300
2017-06-12,61.66,62.869999,61.66,61.860001,58.55481,3101700
2017-06-13,61.700001,62.279999,61.540001,62.09,58.772514,1962900
2017-06-14,62.349998,62.349998,60.82,61.099998,57.835419,2903900
2017-06-15,61.07,61.360001,59.529999,60.91,57.655575,2929900
2017-06-16,60.18,60.23,59.599998,60.080002,56.869911,4407500
2017-06-19,60.189999,60.84,59.560001,60.650002,57.409462,2400600
2017-06-20,60.619999,60.619999,57.66,57.720001,54.636013,5961100
2017-06-21,57.610001,58.150002,56.650002,56.900002,53.859821,7242400
2017-06-22,56.939999,56.939999,55.619999,55.970001,52.979519,6669800
2017-06-23,56.009998,56.369999,55.220001,56.290001,53.28241,5281600
2017-06-26,56.41,57.27,56.400002,56.700001,53.670509,2851500
2017-06-27,56.619999,56.990002,56.200001,56.529999,53.509602,2610500
2017-06-28,56.73,58.09,56.349998,57.779999,54.692802,3476400
2017-06-29,57.720001,57.93,56.759998,57.299999,54.238453,2934500
2017-06-30,58.060001,58.060001,57.380001,57.73,54.645473,3419100
2017-07-03,57.990002,58.490002,57.959999,58.23,55.118763,1544000
2017-07-05,58.18,58.25,57.0,57.389999,54.323647,3940300
2017-07-06,56.91,57.0,55.959999,56.279999,53.272949,4068900
2017-07-07,56.27,56.669998,56.119999,56.139999,53.14043,3581400
2017-07-10,56.049999,56.139999,54.73,54.799999,51.872028,4575300
2017-07-11,54.810001,55.02,54.32,54.34,51.4366,3656400
2017-07-12,54.68,54.889999,54.080002,54.130001,51.237827,4363900
2017-07-13,54.099998,54.610001,53.889999,54.419998,51.512333,6000400
2017-07-14,55.610001,56.049999,54.68,54.759998,51.834164,5736600
2017-07-17,54.790001,55.259998,54.669998,54.73,51.805759,3468100
2017-07-18,54.790001,54.970001,54.259998,54.330002,51.427139,2698300
2017-07-19,54.349998,54.73,54.209999,54.419998,51.512333,4683200
2017-07-20,54.52,55.080002,54.419998,54.650002,51.730045,4902400
2017-07-21,54.73,55.02,54.099998,54.310001,51.408215,4069100
2017-07-24,54.200001,54.200001,52.91,53.07,50.234463,5574200
2017-07-25,53.34,54.48,53.080002,54.029999,51.143169,5340000
2017-07-26,54.09,54.41,53.369999,53.959999,51.076908,2715400
2017-07-27,53.900002,55.130001,53.790001,55.119999,52.174931,3182500
2017-07-28,55.080002,55.349998,54.669998,54.869999,51.93829,2102600
2017-07-31,55.099998,55.389999,54.73,55.32,52.36425,2736600
2017-08-01,55.459999,55.68,55.029999,55.599998,52.629288,2475300
2017-08-02,55.580002,55.900002,55.209999,55.650002,52.676605,2471500
2017-08-03,55.630001,55.990002,54.529999,54.869999,51.93829,3109000
2017-08-04,55.099998,55.939999,54.860001,55.860001,52.875393,2400900
2017-08-07,55.619999,56.02,55.130001,55.400002,52.439968,2235000
2017-08-08,55.52,56.610001,55.52,55.919998,52.93219,3085500
2017-08-09,55.880001,56.07,55.02,56.040001,53.045776,3353000
2017-08-10,55.700001,55.73,54.669998,54.799999,51.872028,3336900
2017-08-11,54.860001,55.939999,54.799999,55.560001,52.591415,2593800
2017-08-14,55.91,56.240002,54.639999,54.77,51.843636,3457100
2017-08-15,54.669998,54.75,52.849998,53.029999,50.196594,7469000
2017-08-16,53.880001,54.450001,53.389999,54.369999,51.464993,3615300
2017-08-17,53.919998,54.360001,53.189999,53.330002,50.480576,5508400
2017-08-18,58.73,59.5,57.990002,59.02,55.86655,14140300
2017-08-21,58.950001,59.139999,57.75,58.560001,55.431137,5277400
2017-08-22,58.799999,59.240002,58.66,59.189999,56.027466,3342700
2017-08-23,59.029999,59.32,58.669998,58.919998,55.771893,3144700
2017-08-24,59.360001,60.799999,58.139999,58.330002,55.213421,4233500
2017-08-25,58.389999,59.669998,58.389999,59.380001,56.207314,6287600
2017-08-28,59.450001,59.549999,58.759998,59.02,55.86655,2764300
2017-08-29,58.610001,59.150002,57.950001,58.689999,55.55418,2649000
2017-08-30,58.740002,58.919998,58.049999,58.43,55.308067,3179200
2017-08-31,58.5,58.869999,58.150002,58.450001,55.327007,3370000
2017-09-01,58.650002,59.27,58.650002,58.919998,55.771893,2751800
2017-09-05,58.75,59.369999,58.700001,58.990002,55.838165,2918600
2017-09-06,58.84,59.700001,58.84,59.150002,56.141876,2924100
2017-09-07,59.369999,59.619999,58.119999,58.549999,55.572384,2942000
2017-09-08,58.509998,58.720001,57.869999,58.52,55.543911,2085300
2017-09-11,58.599998,59.380001,58.34,59.27,56.255775,2778200
2017-09-12,59.490002,61.400002,59.189999,60.669998,57.584572,3369700
2017-09-13,60.759998,61.900002,60.759998,61.41,58.286945,2943200
2017-09-14,61.279999,61.439999,60.290001,60.599998,57.518135,2800900
2017-09-15,60.57,60.93,60.0,60.709999,57.622543,3528400
2017-09-18,60.810001,60.990002,59.950001,60.810001,57.717461,2373700
2017-09-19,60.880001,61.209999,60.689999,61.150002,58.040165,3052400
2017-09-20,61.299999,61.43,60.630001,60.919998,57.821861,1747000
2017-09-21,61.099998,61.259998,60.650002,60.91,57.81237,2352100
2017-09-22,60.630001,61.07,60.310001,60.889999,57.793381,1644500
2017-09-25,62.689999,63.580002,62.5,62.860001,59.663204,3860700
2017-09-26,63.009998,63.939999,62.669998,63.790001,60.545906,3651700
2017-09-27,63.68,65.300003,63.639999,64.839996,61.5425,4648200
2017-09-28,64.559998,64.849998,63.73,64.800003,61.504551,4224000
2017-09-29,64.919998,65.209999,64.5,64.57,61.28624,2501700
2017-10-02,64.339996,64.919998,63.73,64.690002,61.400143,2507300
2017-10-03,64.550003,65.150002,64.449997,64.910004,61.608955,1775300
2017-10-04,65.010002,65.379997,64.339996,65.230003,61.91267,3286500
2017-10-05,65.220001,65.650002,65.050003,65.529999,62.197418,2227200
2017-10-06,65.330002,66.160004,65.32,65.989998,62.634029,2385400
2017-10-09,65.959999,65.959999,65.07,65.290001,61.969631,1268100
2017-10-10,65.290001,65.510002,64.599998,64.839996,61.5425,1761900
2017-10-11,64.959999,65.230003,64.389999,64.550003,61.267265,2754400
2017-10-12,64.550003,64.660004,63.16,63.279999,60.061844,3254200
2017-10-13,63.389999,63.610001,62.91,63.119999,59.909981,2812700
2017-10-16,63.029999,63.389999,62.34,62.91,59.710659,2226100
2017-10-17,63.0,63.599998,62.860001,63.240002,60.023876,1783800
2017-10-18,63.220001,63.549999,62.860001,63.32,60.099804,1860800
2017-10-19,63.349998,63.619999,62.93,63.389999,60.166252,1771400
2017-10-20,63.700001,64.339996,63.41,64.230003,60.963543,2334600
2017-10-23,64.150002,64.910004,63.970001,64.309998,61.039467,1891200
2017-10-24,64.339996,64.760002,64.139999,64.339996,61.067924,2020700
2017-10-25,64.0,64.32,63.299999,63.84,60.593357,2364000
2017-10-26,64.019997,64.709999,63.709999,64.269997,61.001499,1624000
2017-10-27,63.639999,64.089996,63.290001,63.82,60.574375,2537200
2017-10-30,63.59,63.59,62.59,63.419998,60.194729,2159600
2017-10-31,63.68,64.870003,63.41,63.490002,60.261166,1983000
2017-11-01,63.740002,64.120003,63.169998,63.48,60.251667,1965700
2017-11-02,63.849998,64.669998,63.549999,64.360001,61.086918,1948300
2017-11-03,64.169998,64.550003,64.050003,64.129997,60.868618,1645400
2017-11-06,64.110001,64.730003,62.849998,64.139999,60.878113,2052900
2017-11-07,64.209999,64.82,64.0,64.790001,61.495052,2680400
2017-11-08,64.629997,64.879997,63.779999,63.869999,60.62183,2373200
2017-11-09,63.560001,65.190002,63.549999,64.57,61.28624,2391900
2017-11-10,64.290001,65.800003,64.290001,65.760002,62.415726,3430600
2017-11-13,65.160004,65.889999,64.709999,64.910004,61.608955,2613000
2017-11-14,64.019997,64.910004,63.560001,64.470001,61.19133,3992400
2017-11-15,64.239998,65.519997,63.91,64.610001,61.324215,3328000
2017-11-16,64.559998,65.989998,64.379997,65.690002,62.349293,4665800
2017-11-17,72.129997,73.940002,71.019997,72.25,68.575684,8241900
2017-11-20,72.389999,72.860001,71.669998,72.739998,69.040741,4161600
2017-11-21,72.970001,73.0,71.889999,72.669998,68.974304,3069400
2017-11-22,72.25,72.809998,72.0,72.300003,68.623131,2287800
2017-11-24,72.269997,72.690002,71.18,71.32,67.692963,1045400
2017-11-27,71.599998,71.959999,71.019997,71.330002,67.702446,2557200
2017-11-28,71.360001,72.889999,70.839996,72.809998,69.107178,3015400
2017-11-29,72.949997,76.330002,72.730003,75.949997,72.087509,5689200
2017-11-30,75.970001,77.199997,74.93,76.029999,72.315796,5023900
2017-12-01,75.639999,76.330002,74.279999,75.730003,72.030441,3100700
2017-12-04,76.419998,78.809998,76.239998,78.010002,74.199059,4498200
2017-12-05,78.220001,78.779999,76.989998,77.019997,73.257401,2403500
2017-12-06,77.260002,77.970001,76.629997,76.790001,73.038666,2037600
2017-12-07,77.089996,77.480003,76.5,76.699997,72.953033,1748900
2017-12-08,77.010002,77.110001,76.150002,76.889999,73.133759,2093900
2017-12-11,76.699997,77.209999,76.019997,76.760002,73.010124,2070700
2017-12-12,76.739998,77.190002,76.209999,76.410004,72.677208,2096500
2017-12-13,76.68,77.57,76.519997,76.970001,73.209862,2014200
2017-12-14,77.150002,77.480003,75.199997,75.510002,71.821182,2057200
2017-12-15,76.410004,76.769997,75.260002,75.959999,72.249199,4383100
2017-12-18,76.349998,77.690002,76.349998,77.559998,73.771019,1813100
2017-12-19,77.760002,78.839996,77.190002,78.540001,74.703171,2925600
2017-12-20,78.809998,79.809998,78.330002,79.610001,75.720894,2991200
2017-12-21,79.720001,80.620003,79.529999,80.139999,76.224998,2515600
2017-12-22,80.07,80.519997,79.419998,80.440002,76.510338,1447600
2017-12-26,80.550003,81.129997,80.400002,80.959999,77.004929,1309800
2017-12-27,81.239998,81.239998,80.559998,80.730003,76.786179,958000
2017-12-28,80.919998,80.919998,80.019997,80.610001,76.67202,810900
2017-12-29,80.559998,81.480003,80.220001,80.25,76.329628,1757900
2018-01-02,80.860001,81.360001,80.43,80.5,76.567406,2107900
2018-01-03,80.639999,80.660004,79.620003,80.449997,76.519852,2942000
2018-01-04,80.459999,81.010002,79.610001,80.910004,76.95739,2313200
2018-01-05,81.32,82.120003,80.970001,81.970001,77.965614,2224500
2018-01-08,81.959999,82.120003,80.830002,81.220001,77.252228,3318300
2018-01-09,81.169998,81.169998,79.57,80.510002,76.576927,1676300
2018-01-10,80.379997,81.209999,79.919998,80.68,76.738625,3348600
2018-01-11,80.959999,82.620003,80.379997,82.559998,78.526764,2252100
2018-01-12,82.919998,83.93,82.809998,83.580002,79.496956,2202600
2018-01-16,84.080002,84.260002,80.599998,80.870003,76.919342,2596500
2018-01-17,81.580002,82.220001,81.18,81.300003,77.328331,2950200
2018-01-18,81.510002,82.459999,81.349998,81.650002,77.661224,2186400
2018-01-19,82.160004,83.900002,81.739998,83.760002,79.668152,2514500
2018-01-22,83.870003,84.559998,83.470001,84.480003,80.352997,1853000
2018-01-23,84.220001,84.660004,83.849998,84.580002,80.44809,1537500
2018-01-24,84.629997,85.32,83.449997,84.589996,80.457596,1752000
2018-01-25,85.07,85.110001,83.809998,84.389999,80.267365,1259000
2018-01-26,84.870003,85.510002,84.160004,85.459999,81.285095,1842300
2018-01-29,85.040001,85.660004,84.239998,84.57,80.438591,1785700
2018-01-30,84.800003,85.199997,83.239998,83.389999,79.316238,2233800
2018-01-31,83.510002,83.68,81.660004,82.389999,78.365067,3241300
2018-02-01,81.709999,83.18,81.599998,82.0,77.994133,2189700
2018-02-02,81.489998,81.93,79.0,79.080002,75.216774,3230000
2018-02-05,79.029999,80.279999,76.889999,76.900002,73.143288,3673300
2018-02-06,75.470001,78.860001,74.0,78.330002,74.503426,3034500
2018-02-07,77.699997,79.339996,77.199997,77.989998,74.180023,2219200
2018-02-08,77.870003,78.699997,75.019997,75.059998,71.393173,3438500
2018-02-09,75.529999,78.019997,74.0,77.32,73.542755,3907800
2018-02-12,77.720001,78.150002,76.230003,77.349998,73.571289,2302200
2018-02-13,77.129997,77.989998,76.610001,77.82,74.018326,1369100
2018-02-14,77.150002,79.239998,76.940002,78.93,75.074097,1996700
2018-02-15,79.160004,80.629997,78.720001,80.610001,76.67202,2184700
2018-02-16,80.480003,80.940002,79.699997,80.169998,76.253525,2356300
2018-02-20,79.690002,79.919998,77.940002,77.980003,74.170509,2256800
2018-02-21,78.040001,79.639999,77.809998,77.879997,74.075409,1755600
2018-02-22,78.220001,79.559998,78.160004,78.5,74.665108,1262100
2018-02-23,79.050003,79.379997,76.879997,78.870003,75.017044,3196400
2018-02-26,79.309998,80.019997,78.660004,79.949997,76.044281,2114600
2018-02-27,80.220001,81.160004,77.519997,77.540001,73.752022,3214600
2018-02-28,78.900002,80.699997,78.080002,78.089996,74.275139,3781300
2018-03-01,77.93,79.309998,76.900002,77.949997,74.141991,3033100
2018-03-02,77.18,79.050003,76.68,78.419998,74.589027,2603800
2018-03-05,78.360001,78.370003,76.730003,77.980003,74.170509,2756800
2018-03-06,78.5,80.669998,78.160004,80.510002,76.576927,4420900
2018-03-07,76.669998,77.309998,73.760002,75.400002,71.716553,8768200
2018-03-08,75.949997,76.93,74.910004,75.220001,71.545349,3795100
2018-03-09,76.129997,77.050003,75.220001,77.010002,73.247925,3419800
2018-03-12,76.870003,77.150002,76.010002,76.43,72.696243,4057100
2018-03-13,77.18,78.080002,76.720001,77.0,73.238403,2428300
2018-03-14,77.419998,77.580002,76.68,77.18,73.409599,2468900
2018-03-15,77.220001,77.550003,76.5,76.82,73.067184,2634000
2018-03-16,76.760002,77.489998,76.260002,76.75,73.215057,4289000
2018-03-19,76.580002,77.660004,76.5,77.040001,73.491692,2853800
2018-03-20,77.349998,77.660004,76.830002,77.309998,73.749252,2184200
2018-03-21,77.110001,78.709999,77.029999,77.410004,73.844643,2365900
2018-03-22,76.669998,77.260002,74.870003,75.040001,71.583801,2540400
2018-03-23,75.139999,76.43,74.800003,74.839996,71.393021,2330900
2018-03-26,75.599998,77.5,75.419998,77.32,73.758797,2046600
2018-03-27,77.639999,77.940002,76.480003,76.919998,73.377213,3371800
2018-03-28,77.230003,78.470001,76.059998,76.160004,72.652229,2774600
2018-03-29,76.660004,78.25,76.199997,77.980003,74.388397,3247500
2018-04-02,77.620003,77.839996,74.529999,75.769997,72.280182,3098400
2018-04-03,75.949997,76.720001,75.330002,76.199997,72.690369,2277100
2018-04-04,75.540001,78.849998,75.540001,78.629997,75.008461,2763400
2018-04-05,78.889999,80.099998,78.169998,79.769997,76.095963,2206000
2018-04-06,79.199997,79.639999,76.790001,77.449997,73.882813,3053700
2018-04-09,77.989998,78.400002,76.860001,76.940002,73.396294,2097300
2018-04-10,77.980003,78.650002,77.550003,78.120003,74.52195,1692000
2018-04-11,77.410004,78.480003,77.099998,77.300003,73.739708,2281100
2018-04-12,77.699997,78.879997,77.489998,78.150002,74.550545,1790600
2018-04-13,78.379997,78.639999,75.980003,76.169998,72.661758,2426600
2018-04-16,76.68,77.860001,76.370003,77.589996,74.01635,2146500
2018-04-17,78.400002,79.209999,77.940002,78.769997,75.141998,2333700
2018-04-18,78.830002,79.989998,78.629997,78.889999,75.256485,2308100
2018-04-19,78.660004,79.010002,77.879997,78.75,75.122925,2504300
2018-04-20,78.730003,78.769997,76.980003,77.32,73.758797,2308500
2018-04-23,77.459999,78.389999,77.089996,78.139999,74.541016,2088900
2018-04-24,78.68,78.839996,77.220001,77.720001,74.140373,2147100
2018-04-25,77.480003,78.660004,77.160004,78.290001,74.68412,1600000
2018-04-26,78.349998,80.480003,78.019997,80.419998,76.716003,2224900
2018-04-27,80.330002,82.040001,80.040001,81.68,77.917984,2530300
2018-04-30,82.110001,82.809998,80.739998,80.849998,77.126213,3049900
2018-05-01,80.419998,80.620003,78.300003,79.379997,75.723915,2488300
2018-05-02,79.269997,80.489998,78.32,79.709999,76.038696,2305900
2018-05-03,79.449997,80.970001,78.889999,80.370003,76.66832,2111100
2018-05-04,80.080002,81.110001,79.089996,80.709999,76.992661,3237900
2018-05-07,80.849998,80.989998,78.879997,79.440002,75.781158,2547500
2018-05-08,79.599998,81.239998,79.260002,80.839996,77.116661,3401700
2018-05-09,80.739998,81.860001,80.0,81.849998,78.080139,2039600
2018-05-10,81.970001,82.0,80.400002,81.309998,77.565025,2021700
2018-05-11,81.440002,82.440002,81.0,81.940002,78.166008,1775500
2018-05-14,82.190002,82.910004,81.900002,82.660004,78.852837,1766900
2018-05-15,82.25,82.849998,81.879997,82.769997,78.957787,2497900
2018-05-16,83.68,84.57,83.059998,83.370003,79.530144,2288200
2018-05-17,83.050003,83.980003,82.849998,83.43,79.587364,2016500
2018-05-18,82.709999,83.099998,82.160004,82.470001,78.671608,3649700
2018-05-21,83.059998,83.099998,81.529999,81.93,78.156479,3733500
2018-05-22,82.260002,83.599998,81.93,82.339996,78.547569,3694600
2018-05-23,81.580002,82.75,81.150002,82.610001,78.805153,2493900
2018-05-24,82.529999,83.620003,81.82,82.959999,79.13903,4079300
2018-05-25,79.18,80.459999,76.559998,77.339996,73.777863,7845400
2018-05-29,77.110001,77.879997,76.43,77.239998,73.68248,4873000
2018-05-30,77.510002,79.18,76.709999,78.900002,75.266045,3664800
2018-05-31,78.870003,80.019997,78.5,78.879997,75.246948,3215100
2018-06-01,79.360001,81.279999,79.040001,80.709999,76.992661,3771900
2018-06-04,81.440002,83.529999,81.43,83.139999,79.31073,3738600
2018-06-05,83.260002,84.410004,82.970001,83.889999,80.026184,2752200
2018-06-06,84.169998,84.550003,83.379997,84.5,80.608093,2580700
2018-06-07,84.809998,85.510002,84.599998,85.089996,81.170914,3075400
2018-06-08,85.010002,85.949997,84.68,85.839996,81.886383,2501100
2018-06-11,85.419998,86.330002,85.050003,85.559998,81.833763,2226500
2018-06-12,85.940002,85.970001,84.910004,85.709999,81.977242,2398200
2018-06-13,85.919998,86.169998,84.279999,84.690002,81.001678,3299400
2018-06-14,84.690002,85.75,84.099998,84.5,80.819939,2286000
2018-06-15,84.32,85.360001,83.779999,85.139999,81.432076,3852800
2018-06-18,84.620003,85.379997,84.160004,84.949997,81.250336,2973300
2018-06-19,84.230003,85.269997,83.919998,84.949997,81.250336,1973800
2018-06-20,85.5,86.709999,84.860001,86.610001,82.838066,2276800
2018-06-21,86.120003,86.75,85.690002,86.620003,82.847618,2406900
2018-06-22,86.599998,86.959999,84.910004,85.980003,82.235497,3682300
2018-06-25,85.82,86.239998,84.25,85.260002,81.546837,2794700
2018-06-26,85.169998,85.610001,84.709999,85.419998,81.699867,2010800
2018-06-27,85.970001,87.220001,84.75,84.870003,81.173843,2404400
2018-06-28,84.93,85.669998,84.339996,85.099998,81.393806,1873800
2018-06-29,85.5,86.050003,84.690002,84.75,81.059052,1793500
2018-07-02,84.230003,84.599998,83.040001,84.57,80.886887,2221600
2018-07-03,84.900002,85.910004,84.839996,85.160004,81.451202,987400
2018-07-05,85.629997,85.760002,84.489998,85.110001,81.403381,1747500
2018-07-06,85.139999,86.480003,84.879997,86.32,82.560669,2073500
2018-07-09,86.540001,86.959999,85.93,86.290001,82.531982,2189700
2018-07-10,86.389999,86.550003,85.199997,85.919998,82.178101,1613900
2018-07-11,85.5,85.790001,84.709999,84.760002,81.068626,1798400
2018-07-12,85.040001,85.43,84.339996,84.82,81.125999,1380000
2018-07-13,84.760002,85.330002,84.449997,85.160004,81.451202,2009400
2018-07-16,85.349998,85.620003,84.120003,85.139999,81.432076,1662000
2018-07-17,84.690002,86.959999,84.370003,86.389999,82.627632,2420600
2018-07-18,86.330002,87.110001,85.980003,87.019997,83.230202,1975600
2018-07-19,86.839996,88.010002,85.620003,87.440002,83.631912,1822100
2018-07-20,87.529999,87.699997,86.57,86.589996,82.818909,2410600
2018-07-23,86.459999,88.059998,86.349998,87.529999,83.717987,2186700
2018-07-24,87.510002,87.870003,86.010002,86.489998,82.723259,1664000
2018-07-25,86.540001,87.589996,86.489998,87.459999,83.651024,1622700
2018-07-26,88.309998,89.349998,87.43,88.050003,84.215347,2158000
2018-07-27,88.360001,88.629997,85.709999,85.93,82.187653,1654300
2018-07-30,86.0,87.129997,85.980003,86.739998,82.962387,1862400
2018-07-31,86.809998,87.900002,86.75,87.43,83.622322,2837700
2018-08-01,87.040001,87.449997,86.07,86.43,82.665894,3314800
2018-08-02,85.870003,89.860001,85.699997,89.459999,85.563934,3280800
2018-08-03,89.699997,89.860001,88.290001,89.050003,85.171806,2330000
2018-08-06,89.32,89.760002,88.830002,89.690002,85.783905,1332700
2018-08-07,89.860001,91.010002,89.739998,90.75,86.797752,2035700
2018-08-08,90.779999,92.190002,90.779999,91.830002,87.830711,2099400
2018-08-09,91.959999,92.720001,91.669998,92.169998,88.155891,1898500
2018-08-10,91.32,92.599998,90.93,91.599998,87.610741,2718000
2018-08-13,91.629997,91.800003,90.599998,91.010002,87.046425,3901900
2018-08-14,91.410004,92.980003,90.919998,92.849998,88.806297,2215800
2018-08-15,92.190002,92.190002,90.68,91.169998,87.19944,3456000
2018-08-16,91.889999,92.32,90.669998,91.739998,87.744621,2764400
2018-08-17,91.849998,92.220001,91.040001,91.870003,87.868973,2715100
2018-08-20,92.230003,92.5,91.32,92.32,88.29937,3425700
2018-08-21,93.209999,94.110001,92.300003,92.889999,88.844551,3951800
2018-08-22,93.139999,94.099998,92.739998,93.410004,89.341904,3277400
2018-08-23,93.82,95.57,93.489998,95.029999,90.891342,5537300
2018-08-24,92.0,97.849998,91.32,95.089996,90.94873,7465300
2018-08-27,95.629997,96.0,94.080002,94.260002,90.154884,3145600
2018-08-28,94.349998,94.660004,93.68,94.610001,90.489639,2268100
2018-08-29,94.720001,96.239998,93.889999,96.059998,91.87648,2646000
2018-08-30,95.440002,96.379997,94.739998,94.910004,90.776588,2404200
2018-08-31,94.57,95.889999,94.57,95.779999,91.608681,2238300
2018-09-04,96.160004,97.760002,95.739998,97.690002,93.435516,4290000
2018-09-05,97.699997,98.190002,96.709999,97.459999,93.215508,2837300
2018-09-06,97.529999,98.239998,97.099998,97.349998,93.110306,2201300
2018-09-07,97.129997,97.639999,96.269997,96.550003,92.345154,2704600
2018-09-10,96.989998,98.059998,96.739998,97.910004,93.645927,2859700
2018-09-11,97.949997,98.699997,97.589996,98.459999,94.171974,2379300
2018-09-12,98.129997,98.650002,95.93,97.269997,93.246887,2733400
2018-09-13,97.550003,98.0,96.720001,97.099998,93.083908,2365800
2018-09-14,97.089996,97.089996,96.029999,96.790001,92.786736,2922400
2018-09-17,96.889999,97.190002,95.879997,96.220001,92.240295,3211200
2018-09-18,96.029999,97.440002,95.82,96.940002,92.930542,2421800
2018-09-19,96.690002,97.389999,96.010002,96.949997,92.940109,3425900
2018-09-20,96.980003,97.099998,95.610001,96.43,92.44162,3752100
2018-09-21,96.720001,97.870003,96.269997,97.489998,93.457771,5646500
2018-09-24,97.349998,98.75,97.160004,97.290001,93.266037,3693900
2018-09-25,97.639999,98.489998,97.169998,97.510002,93.476959,3657000
2018-09-26,97.989998,100.589996,97.889999,99.169998,95.068291,2853500
2018-09-27,99.370003,99.639999,98.769997,99.459999,95.346298,2147400
2018-09-28,99.370003,100.169998,98.75,99.099998,95.001167,3438200
2018-10-01,99.989998,100.480003,98.550003,98.580002,94.502693,2312900
2018-10-02,98.449997,98.870003,96.279999,96.32,92.336182,2446200
2018-10-03,96.68,97.260002,95.720001,96.739998,92.738792,2132100
2018-10-04,96.589996,96.980003,94.919998,95.129997,91.195389,2938800
2018-10-05,96.449997,96.449997,93.919998,94.629997,90.716057,2342000
2018-10-08,94.57,96.110001,94.529999,95.879997,91.914368,1868400
2018-10-09,96.080002,98.059998,95.68,97.150002,93.131844,2465500
2018-10-10,97.160004,97.349998,94.889999,95.019997,91.089928,2873000
2018-10-11,94.949997,96.860001,94.019997,94.32,90.418907,3308400
2018-10-12,95.050003,96.43,94.300003,95.870003,91.904785,3037600
2018-10-15,95.75,97.43,95.519997,96.629997,92.633354,2278900
2018-10-16,97.68,98.529999,96.57,98.32,94.253448,2079700
2018-10-17,98.059998,98.489998,95.510002,96.959999,92.949707,3196000
2018-10-18,97.309998,97.970001,95.209999,95.93,91.962311,2210600
2018-10-19,96.849998,96.849998,94.580002,94.690002,90.773605,2924200
2018-10-22,94.949997,97.150002,94.949997,96.669998,92.671677,1713300
2018-10-23,95.769997,96.5,93.860001,96.150002,92.173218,2320700
2018-10-24,95.779999,98.349998,95.220001,95.410004,91.463821,2670500
2018-10-25,95.709999,97.300003,94.559998,96.400002,92.412872,2131900
2018-10-26,94.080002,97.160004,93.620003,96.730003,92.729218,2833700
2018-10-29,97.870003,100.349998,96.800003,98.279999,94.215111,3686500
2018-10-30,98.589996,100.800003,98.480003,99.779999,95.653061,2635300
2018-10-31,100.279999,101.199997,98.599998,99.0,94.905327,3233300
2018-11-01,99.230003,99.75,97.650002,98.419998,94.349312,2710900
2018-11-02,99.239998,100.480003,98.080002,100.029999,95.892731,2947000
2018-11-05,100.43,101.400002,99.220001,101.260002,97.071861,1952800
2018-11-06,101.160004,101.709999,100.18,101.480003,97.282761,1912300
2018-11-07,102.089996,102.989998,100.419998,102.75,98.500221,2291000
2018-11-08,102.839996,104.349998,102.059998,103.330002,99.056244,2153300
2018-11-09,103.389999,103.510002,101.870003,102.760002,98.509804,2070000
2018-11-12,102.760002,103.769997,101.339996,101.769997,97.56076,2413600
2018-11-13,101.760002,102.25,99.660004,100.25,96.103622,3345500
2018-11-14,100.980003,101.980003,97.809998,97.900002,93.85083,4746600
2018-11-15,96.919998,97.470001,95.209999,96.480003,92.489571,4252700
2018-11-16,95.650002,95.93,93.480003,95.279999,91.339188,3782900
2018-11-19,95.0,95.660004,89.620003,91.190002,87.41835,5776400
2018-11-20,84.400002,88.830002,82.040001,82.639999,79.221977,7941900
2018-11-21,84.5,85.0,80.760002,81.629997,78.253738,4443800
2018-11-23,81.019997,81.419998,79.800003,80.360001,77.036278,2213300
2018-11-26,81.470001,82.190002,80.0,80.93,77.582703,4839200
2018-11-27,80.739998,82.739998,80.529999,82.730003,79.308266,6024700
2018-11-28,83.32,86.540001,83.230003,86.43,82.855232,5930800
2018-11-29,86.220001,86.720001,85.330002,85.940002,82.38549,3422400
2018-11-30,85.800003,87.720001,85.800003,87.599998,83.976814,7369100
2018-12-03,88.330002,88.970001,84.599998,84.75,81.244713,5198000
2018-12-04,84.980003,85.419998,81.019997,81.760002,78.378372,4881200
2018-12-06,80.68,81.629997,78.519997,81.580002,78.421646,4110600
2018-12-07,81.019997,81.389999,77.949997,78.339996,75.307083,3474700
2018-12-10,78.370003,80.199997,77.419998,80.010002,76.912422,3570600
2018-12-11,80.860001,81.349998,79.93,80.550003,77.431519,3008400
2018-12-12,82.199997,82.589996,80.580002,80.900002,77.76796,3055700
2018-12-13,81.260002,81.669998,79.839996,80.82,77.691055,2956600
2018-12-14,80.309998,81.660004,79.029999,79.209999,76.143372,3368100
2018-12-17,78.980003,79.339996,77.779999,78.279999,75.24939,3915900
2018-12-18,79.150002,79.919998,78.650002,78.889999,75.835785,2879100
2018-12-19,79.269997,80.779999,78.050003,78.470001,75.432045,2941200
2018-12-20,78.230003,78.739998,76.190002,77.160004,74.172752,2680000
2018-12-21,77.620003,80.050003,76.769997,76.980003,73.999718,6272400
2018-12-24,77.019997,77.669998,75.910004,76.300003,73.346062,1541000
2018-12-26,76.550003,81.93,76.510002,81.790001,78.623497,3865800
2018-12-27,80.769997,81.889999,78.739998,81.839996,78.671577,3296800
2018-12-28,82.129997,82.830002,80.510002,81.580002,78.421646,2258800
2018-12-31,82.059998,83.239998,81.730003,83.199997,79.978912,2327700
2019-01-02,81.800003,83.980003,81.800003,83.779999,80.536469,2471200
2019-01-03,82.959999,84.32,81.910004,83.080002,79.863571,2978700
2019-01-04,84.040001,86.010002,83.370003,85.339996,82.036049,3146000
2019-01-07,84.75,90.010002,84.260002,88.93,85.487076,3892100
2019-01-08,89.410004,91.739998,88.860001,91.540001,87.996025,4593500
2019-01-09,91.870003,91.900002,89.889999,90.339996,86.842491,3310400
2019-01-10,88.099998,90.82,87.410004,90.730003,87.2174,2830600
2019-01-11,90.589996,92.07,90.379997,91.209999,87.678802,2105100
2019-01-14,90.440002,91.68,90.110001,90.629997,87.121269,2394700
2019-01-15,90.610001,91.400002,90.220001,90.849998,87.332748,2818700
2019-01-16,91.0,91.699997,89.949997,90.25,86.755981,2189000
2019-01-17,89.669998,90.879997,89.25,90.800003,87.284698,2408400
2019-01-18,91.68,93.370003,90.889999,93.010002,89.409119,2931500
2019-01-22,92.18,92.779999,90.959999,91.629997,88.08255,2467800
2019-01-23,91.860001,91.879997,90.660004,91.510002,87.967209,1665200
2019-01-24,91.839996,91.839996,90.339996,91.199997,87.669197,2547300
2019-01-25,92.230003,92.690002,91.720001,92.510002,88.928474,1668700
2019-01-28,92.25,92.25,90.940002,91.540001,87.996025,2362200
2019-01-29,91.540001,91.599998,90.599998,91.470001,87.928749,1722200
2019-01-30,91.830002,92.809998,91.309998,92.290001,88.716995,1603500
2019-01-31,92.269997,92.629997,91.650002,92.120003,88.553589,2854200
2019-02-01,92.449997,92.540001,91.059998,91.730003,88.17868,1815500
2019-02-04,91.75,92.339996,91.029999,92.339996,88.765053,1962600
2019-02-05,92.300003,93.389999,92.120003,93.190002,89.582161,1533600
2019-02-06,92.919998,93.010002,91.709999,92.660004,89.072685,1393200
2019-02-07,92.160004,92.709999,91.57,92.589996,89.005386,1518100
2019-02-08,92.330002,93.190002,92.07,92.949997,89.351425,1656700
2019-02-11,93.25,94.650002,92.970001,94.129997,90.485771,1773100
2019-02-12,94.629997,95.129997,94.040001,94.760002,91.09137,1541200
2019-02-13,95.129997,95.139999,93.910004,94.639999,90.976013,2189200
2019-02-14,94.129997,94.150002,92.360001,93.290001,89.678284,1996600
2019-02-15,94.32,94.690002,93.559998,94.010002,90.370415,2342600
2019-02-19,93.980003,93.980003,92.800003,93.669998,90.043571,2225300
2019-02-20,93.75,94.349998,93.349998,93.970001,90.331947,2358100
2019-02-21,93.93,94.010002,93.150002,93.529999,89.908989,1624600
2019-02-22,93.629997,94.419998,93.489998,94.370003,90.716476,1602600
2019-02-25,94.699997,95.209999,93.720001,93.860001,90.226212,1826400
2019-02-26,93.910004,94.830002,93.629997,94.339996,90.68763,2022100
2019-02-27,93.82,95.220001,93.540001,94.779999,91.110596,2659600
2019-02-28,94.860001,95.419998,93.970001,94.830002,91.158676,2685900
2019-03-01,95.779999,96.209999,94.57,94.860001,91.187508,1997500
2019-03-04,95.419998,95.57,93.169998,93.599998,89.976273,1755200
2019-03-05,95.110001,95.470001,93.440002,94.169998,90.524216,3723000
2019-03-06,94.0,96.5,93.5,94.43,90.774162,4341600
2019-03-07,93.580002,93.800003,91.120003,92.410004,88.832367,3599800
2019-03-08,91.480003,91.690002,88.650002,89.059998,85.612045,3061900
2019-03-11,89.32,90.940002,89.0,90.739998,87.227005,2375200
2019-03-12,90.830002,91.190002,90.029999,91.160004,87.630745,2115400
2019-03-13,91.260002,91.580002,90.650002,90.690002,87.17894,2007500
2019-03-14,90.459999,90.459999,88.309998,89.239998,85.785065,3705700
2019-03-15,89.089996,90.0,88.610001,89.900002,86.667175,5396200
2019-03-18,89.650002,91.330002,89.650002,91.129997,87.852959,2869000
2019-03-19,91.199997,92.379997,90.870003,91.720001,88.421715,2599400
2019-03-20,91.699997,92.019997,91.150002,91.510002,88.219292,2182000
2019-03-21,91.349998,91.919998,91.029999,91.5,88.209641,1520200
2019-03-22,91.07,91.459999,89.459999,89.529999,86.310478,2318100
2019-03-25,89.239998,90.660004,89.029999,89.800003,86.57077,1610300
2019-03-26,90.260002,91.169998,90.040001,90.900002,87.63121,1837800
2019-03-27,91.0,92.339996,90.75,91.660004,88.363876,2328600
2019-03-28,92.089996,93.0,91.459999,91.910004,88.604897,1923200
2019-03-29,92.459999,93.510002,92.07,93.099998,89.752106,2146800
2019-04-01,93.769997,94.339996,92.940002,94.260002,90.870384,2556600
2019-04-02,94.120003,94.239998,93.449997,93.760002,90.388359,2011000
2019-04-03,94.360001,95.110001,93.580002,94.980003,91.564507,1717500
2019-04-04,95.059998,97.599998,94.970001,97.480003,93.974609,1971000
2019-04-05,97.790001,98.93,97.489998,98.410004,94.871155,2329500
2019-04-08,98.199997,98.989998,97.620003,98.669998,95.121796,1427700
2019-04-09,97.970001,98.43,97.339996,97.550003,94.042068,1291100
2019-04-10,98.059998,98.75,97.68,98.339996,94.803658,1570600
2019-04-11,98.620003,98.949997,97.089996,97.629997,94.119186,1929500
2019-04-12,97.82,98.379997,97.0,97.370003,93.868546,1913200
2019-04-15,97.279999,98.349998,97.0,98.010002,94.485535,1447900
2019-04-16,98.459999,99.160004,98.059998,98.879997,95.324242,1333800
2019-04-17,99.32,100.120003,99.18,99.919998,96.326836,1551500
2019-04-18,100.449997,100.769997,99.82,100.0,96.403969,2393700
2019-04-22,99.599998,100.010002,97.129997,97.779999,94.263802,1565700
2019-04-23,98.230003,98.360001,97.230003,97.860001,94.340927,2080100
2019-04-24,97.940002,99.529999,97.709999,98.559998,95.015747,2416000
2019-04-25,97.57,98.730003,97.190002,98.019997,94.495178,1489900
2019-04-26,98.32,98.629997,97.5,98.550003,95.006134,1450900
2019-04-29,98.43,99.809998,98.139999,98.269997,94.736191,1630500
2019-04-30,98.269997,98.43,97.089996,97.660004,94.14814,2314200
2019-05-01,97.5,97.639999,95.800003,95.879997,92.432129,1887100
2019-05-02,96.010002,96.830002,95.900002,96.360001,92.894859,2135600
2019-05-03,96.949997,97.239998,96.339996,97.129997,93.637169,1314100
2019-05-06,95.730003,97.68,95.550003,97.389999,93.88784,1163800
2019-05-07,96.75,96.760002,95.120003,95.760002,92.316452,1646300
2019-05-08,95.57,97.480003,94.599998,96.830002,93.347969,1881300
2019-05-09,95.919998,97.519997,95.599998,97.010002,93.521515,1446400
2019-05-10,96.489998,98.110001,95.050003,97.489998,93.98423,1928100
2019-05-13,95.779999,96.480003,92.720001,93.449997,90.089523,2814800
2019-05-14,94.0,95.089996,93.470001,94.459999,91.063194,2501500
2019-05-15,93.699997,94.879997,93.190002,94.5,91.101746,1759900
2019-05-16,94.93,97.0,94.93,95.879997,92.432129,1677400
2019-05-17,95.400002,97.389999,95.260002,97.199997,93.704674,2452700
2019-05-20,96.769997,97.519997,96.440002,96.669998,93.193718,2575800
2019-05-21,96.440002,97.800003,95.309998,97.400002,93.897476,2846900
2019-05-22,96.830002,96.830002,94.120003,94.529999,91.130669,3002200
2019-05-23,93.940002,94.940002,92.779999,94.510002,91.111404,3203500
2019-05-24,92.580002,94.0,91.589996,92.779999,89.443596,5843000
2019-05-28,93.690002,95.650002,91.279999,91.330002,88.045753,5083900
2019-05-29,90.769997,91.730003,89.550003,90.300003,87.052788,3095000
2019-05-30,90.650002,92.949997,90.610001,92.900002,89.559311,2601500
2019-05-31,91.839996,93.260002,91.459999,92.989998,89.646049,2525800
2019-06-03,92.93,93.75,91.540001,92.040001,88.730217,2396300
2019-06-04,92.800003,94.739998,92.790001,94.639999,91.236725,2335200
2019-06-05,94.93,95.650002,94.440002,94.989998,91.574135,1755700
2019-06-06,95.25,96.459999,94.790001,96.160004,92.702072,2240100
2019-06-07,96.849998,99.550003,96.75,99.160004,95.5942,3194900
2019-06-10,99.099998,100.400002,97.809998,98.0,94.719482,2606000
2019-06-11,98.629997,99.160004,97.870003,98.470001,95.173744,2661600
2019-06-12,98.790001,99.5,98.239998,98.309998,95.019081,1910400
2019-06-13,98.980003,100.57,97.589996,100.540001,97.174454,2221500
2019-06-14,100.769997,101.690002,100.43,100.970001,97.590073,2562800
2019-06-17,100.980003,102.129997,100.410004,101.440002,98.044319,2363100
2019-06-18,102.330002,103.849998,102.050003,102.610001,99.175163,2489500
2019-06-19,102.830002,103.580002,101.709999,103.379997,99.919388,1785900
2019-06-20,104.07,105.309998,103.629997,104.57,101.06955,1920700
2019-06-21,104.650002,105.150002,103.900002,103.959999,100.479958,3068500
2019-06-24,103.0,104.260002,101.900002,102.849998,99.407127,2058700
2019-06-25,102.839996,103.089996,101.290001,101.510002,98.111984,2349100
2019-06-26,102.07,103.110001,101.43,102.400002,98.972191,1938700
2019-06-27,99.599998,100.629997,98.839996,100.540001,97.174454,3678800
2019-06-28,100.650002,101.459999,99.059998,99.120003,95.801979,8249300
2019-07-01,100.529999,101.919998,98.559998,98.980003,95.666664,2733900
2019-07-02,98.790001,99.389999,97.529999,98.18,94.893456,2174000
2019-07-03,98.400002,100.040001,98.389999,100.0,96.652512,1211900
2019-07-05,98.860001,100.910004,98.860001,100.879997,97.503052,1612300
2019-07-08,100.779999,101.709999,100.199997,101.580002,98.179634,1638300
2019-07-09,101.5,102.559998,101.18,101.980003,98.566246,1877500
2019-07-10,102.589996,102.959999,101.379997,102.610001,99.175163,1540800
2019-07-11,103.0,103.25,102.370003,102.900002,99.455444,1722900
2019-07-12,103.510002,106.779999,103.080002,106.019997,102.471016,3693700
2019-07-15,106.169998,107.239998,104.940002,106.349998,102.789955,2448500
2019-07-16,106.550003,107.449997,106.0,106.809998,103.23455,2025100
2019-07-17,106.910004,107.93,106.57,107.290001,103.698494,1774200
2019-07-18,107.379997,107.629997,106.370003,107.040001,103.456848,2218800
2019-07-19,107.769997,108.199997,106.510002,106.610001,103.041252,2738200
2019-07-22,107.059998,107.480003,105.660004,105.940002,102.3937,1905700
2019-07-23,106.110001,106.629997,105.32,106.110001,102.557999,1303600
2019-07-24,105.940002,106.610001,105.5,105.949997,102.403343,1578800
2019-07-25,104.279999,105.989998,104.279999,105.519997,101.987747,1705200
2019-07-26,105.849998,107.059998,105.089996,106.830002,103.253891,1261500
2019-07-29,106.550003,106.919998,106.0,106.510002,102.944603,1060900
2019-07-30,106.150002,106.480003,105.470001,106.339996,102.780289,1216200
2019-07-31,106.190002,107.040001,104.419998,106.029999,102.480675,1485000
2019-08-01,106.690002,107.080002,102.489998,103.57,100.10302,1588900
2019-08-02,103.529999,104.449997,102.940002,103.489998,100.025696,1563800
2019-08-05,102.32,103.07,100.160004,101.220001,97.83168,2184900
2019-08-06,101.559998,103.610001,101.059998,103.379997,99.919388,1664400
2019-08-07,102.07,104.220001,101.550003,103.910004,100.431633,1767600
2019-08-08,104.68,107.230003,104.470001,107.040001,103.456848,1861700
2019-08-09,106.900002,107.120003,104.959999,105.5,101.968414,1549800
2019-08-12,105.18,105.449997,102.919998,103.279999,99.822716,1743900
2019-08-13,103.239998,108.040001,102.260002,106.440002,102.876961,1669000
2019-08-14,104.540001,104.540001,102.07,102.169998,98.749878,2413600
2019-08-15,103.190002,103.449997,100.68,101.410004,98.015327,1979500
2019-08-16,102.580002,103.650002,102.269997,103.18,99.726082,1900300
2019-08-19,104.889999,105.400002,103.330002,104.089996,100.605606,1721500
2019-08-20,103.019997,105.080002,102.599998,104.190002,100.702263,2308000
2019-08-21,105.709999,106.620003,104.260002,105.699997,102.161728,1686300
2019-08-22,106.870003,107.940002,105.699997,107.400002,103.804825,3922400
2019-08-23,105.639999,106.370003,102.410004,102.949997,99.503769,3917000
2019-08-26,103.349998,104.760002,103.300003,104.559998,101.059883,1787500
2019-08-27,105.110001,105.129997,102.540001,102.580002,99.146156,2355000
2019-08-28,102.300003,104.82,102.0,104.559998,101.059883,2095100
2019-08-29,105.989998,107.559998,105.989998,107.110001,103.524521,1927100
2019-08-30,107.43,108.480003,105.779999,106.010002,102.461349,2290600
2019-09-03,105.169998,106.089996,104.07,105.019997,101.504486,2095800
2019-09-04,105.480003,106.0,104.809998,105.970001,102.422676,1612200
2019-09-05,107.0,109.480003,106.739998,109.360001,105.699196,2440900
2019-09-06,109.650002,110.669998,109.040001,109.18,105.52523,1436400
2019-09-09,109.309998,109.690002,107.68,108.489998,104.858315,1443300
2019-09-10,108.550003,108.690002,106.43,108.160004,104.539383,2081500
2019-09-11,107.379997,108.599998,106.669998,108.309998,104.93174,2020600
2019-09-12,109.260002,110.879997,109.0,109.360001,105.94899,2242100
2019-09-13,109.610001,110.260002,109.019997,109.129997,105.726158,1576100
2019-09-16,108.580002,108.580002,107.5,107.589996,104.234184,1518600
2019-09-17,107.809998,108.980003,107.400002,108.139999,104.767052,1857100
2019-09-18,108.089996,108.809998,107.32,108.709999,105.319275,1984600
2019-09-19,108.809998,109.639999,108.389999,108.610001,105.222374,1206900
2019-09-20,108.57,109.540001,104.57,104.75,101.48278,4592900
2019-09-23,105.360001,107.309998,105.279999,107.029999,103.691658,2167000
2019-09-24,108.300003,109.120003,106.769997,107.639999,104.282639,2176400
2019-09-25,107.690002,109.129997,107.690002,108.239998,104.863922,1721200
2019-09-26,108.709999,109.0,106.989998,107.849998,104.486084,1390000
2019-09-27,108.610001,109.43,108.139999,109.050003,105.648643,1944600
2019-09-30,109.139999,110.389999,109.139999,109.849998,106.423698,1582800
2019-10-01,110.370003,111.419998,109.239998,109.300003,105.890862,1975400
2019-10-02,108.870003,108.889999,106.940002,107.529999,104.176064,1724600
2019-10-03,107.050003,107.239998,104.82,106.93,103.594788,1338800
2019-10-04,107.32,109.269997,107.260002,108.93,105.532394,1570200
2019-10-07,108.209999,108.970001,107.75,108.139999,104.767052,1618300
2019-10-08,107.459999,109.309998,106.800003,107.879997,104.515137,1695300
2019-10-09,108.5,109.43,108.029999,109.169998,105.764915,1458400
2019-10-10,108.870003,111.190002,108.519997,111.010002,107.547516,1461300
2019-10-11,112.0,113.510002,111.660004,112.459999,108.952293,1962300
2019-10-14,112.43,112.839996,111.330002,111.400002,107.925346,852900
2019-10-15,111.650002,112.5,111.639999,111.940002,108.448524,1629500
2019-10-16,111.949997,112.68,111.5,112.260002,108.758537,1824700
2019-10-17,112.980003,113.690002,112.589996,113.029999,109.504509,1025400
2019-10-18,112.809998,114.830002,112.5,114.129997,110.570206,1595700
2019-10-21,111.489998,113.220001,109.07,110.980003,107.518463,2832700
2019-10-22,111.279999,112.980003,111.029999,111.900002,108.409752,1377300
2019-10-23,111.980003,112.220001,109.669998,109.889999,106.462463,1484700
2019-10-24,110.220001,110.690002,109.18,110.440002,106.995308,1362700
2019-10-25,110.099998,111.610001,109.660004,110.690002,107.237511,1116900
2019-10-28,110.620003,111.120003,109.260002,109.389999,105.978058,1548000
2019-10-29,109.449997,110.5,108.75,108.82,105.425827,1565700
2019-10-30,108.690002,110.389999,108.589996,110.32,106.879036,1579100
2019-10-31,110.489998,110.970001,109.230003,109.669998,106.249313,1790900
2019-11-01,110.190002,111.57,109.739998,110.989998,107.528152,1294400
2019-11-04,111.610001,112.019997,110.989998,111.769997,108.283829,1540400
2019-11-05,111.489998,112.800003,111.410004,112.059998,108.564781,1704700
2019-11-06,112.449997,112.519997,111.32,112.260002,108.758537,1282200
2019-11-07,112.349998,113.720001,112.18,113.07,109.543266,1389700
2019-11-08,112.769997,113.059998,111.400002,111.82,108.332253,1431900
2019-11-11,111.660004,112.379997,111.110001,112.18,108.681038,1126300
2019-11-12,112.150002,112.410004,110.839996,110.970001,107.508774,1327100
2019-11-13,111.010002,111.940002,109.330002,111.389999,107.915672,1683900
2019-11-14,111.760002,113.0,111.0,112.839996,109.320427,1291100
2019-11-15,113.660004,113.669998,112.239998,113.370003,109.833916,1151600
2019-11-18,112.940002,113.339996,111.839996,112.190002,108.690697,1800900
2019-11-19,112.720001,113.959999,111.82,112.419998,108.913544,1993500
2019-11-20,112.400002,112.910004,109.989998,110.440002,106.995308,2267700
2019-11-21,111.169998,111.849998,110.599998,111.790001,108.303207,2495600
2019-11-22,113.080002,113.889999,108.410004,111.519997,108.041618,3955400
2019-11-25,112.029999,113.989998,111.550003,113.330002,109.795166,2210100
2019-11-26,113.379997,116.029999,112.989998,115.330002,111.732773,5066600
2019-11-27,116.120003,116.489998,115.199997,116.330002,112.701584,1589800
2019-11-29,116.580002,117.239998,116.050003,116.150002,112.527184,1411500
2019-12-02,116.650002,117.580002,115.889999,116.0,112.381882,2534700
2019-12-03,115.010002,115.849998,113.580002,114.269997,110.705833,1890600
2019-12-04,114.519997,115.110001,113.589996,114.150002,110.589592,1964600
2019-12-05,114.239998,114.300003,113.209999,113.489998,110.196335,1359200
2019-12-06,114.839996,115.139999,113.699997,113.910004,110.604149,1243500
2019-12-09,113.760002,115.379997,113.690002,115.059998,111.720772,1947000
2019-12-10,114.980003,115.370003,114.199997,114.949997,111.61396,1264300
2019-12-11,115.300003,115.300003,114.129997,114.849998,111.516876,1403600
2019-12-12,114.879997,116.790001,114.57,116.449997,113.070419,2041800
2019-12-13,116.300003,116.389999,115.239998,115.489998,112.138306,1319200
2019-12-16,116.029999,116.529999,114.18,114.389999,111.070221,1937400
2019-12-17,114.709999,114.709999,113.5,113.809998,110.50705,1746000
2019-12-18,113.809998,114.150002,112.580002,113.489998,110.196335,1863300
2019-12-19,113.739998,115.199997,113.739998,115.160004,111.817871,1427900
2019-12-20,116.129997,116.129997,114.519997,115.230003,111.885841,3701800
2019-12-23,115.360001,115.529999,114.099998,114.199997,110.885727,1470800
2019-12-24,114.550003,115.400002,114.279999,115.120003,111.779045,535700
2019-12-26,115.050003,115.599998,114.269997,115.309998,111.963524,1033000
2019-12-27,116.099998,116.099998,114.529999,114.959999,111.623665,895600
2019-12-30,114.669998,117.010002,114.160004,116.5,113.118996,1415400
2019-12-31,116.589996,117.040001,115.650002,116.419998,113.041306,1576000
2020-01-02,116.480003,116.839996,115.470001,116.830002,113.439423,1722500
2020-01-03,115.43,117.0,115.199997,116.860001,113.468544,1486500
2020-01-06,116.25,117.480003,115.639999,117.43,114.02198,1573600
2020-01-07,117.010002,118.879997,116.540001,118.800003,115.352257,1961900
2020-01-08,119.110001,120.089996,118.949997,119.150002,115.692078,1565200
2020-01-09,120.669998,122.620003,119.540001,122.129997,118.585587,2185800
2020-01-10,122.099998,122.379997,120.5,120.720001,117.216515,1271700
2020-01-13,120.68,120.779999,119.239998,119.970001,116.488289,1392100
2020-01-14,120.040001,120.129997,118.809998,118.959999,115.507591,1828000
2020-01-15,118.510002,119.370003,117.449997,117.769997,114.352127,1409100
2020-01-16,118.389999,118.919998,117.449997,118.050003,114.624008,1853700
2020-01-17,118.209999,118.720001,117.449997,117.68,114.264732,2094800
2020-01-21,117.25,118.220001,117.169998,117.800003,114.381256,1853300
2020-01-22,118.129997,118.5,117.400002,117.410004,114.002579,1770500
2020-01-23,117.339996,118.620003,116.040001,118.209999,114.77935,1989100
2020-01-24,118.019997,118.400002,115.269997,115.760002,112.400452,1548100
2020-01-27,114.07,115.5,113.5,114.849998,111.516876,2677900
2020-01-28,115.110001,115.470001,114.360001,114.480003,111.157616,1558400
2020-01-29,114.730003,115.419998,113.959999,114.269997,110.953697,1365900
2020-01-30,113.480003,114.660004,113.059998,114.18,110.866318,1627100
2020-01-31,113.839996,114.040001,111.480003,112.190002,108.934052,5115000
2020-02-03,112.559998,114.720001,112.540001,113.830002,110.526482,1662700
2020-02-04,115.779999,116.800003,115.25,116.349998,112.973335,1510200
2020-02-05,117.07,119.080002,117.07,118.739998,115.293976,1715700
2020-02-06,119.339996,119.650002,118.139999,118.190002,114.759933,1267000
2020-02-07,118.019997,118.029999,116.540001,117.43,114.02198,1059000
2020-02-10,116.889999,118.400002,116.709999,118.260002,114.827896,1373400
2020-02-11,119.040001,119.93,118.669998,119.699997,116.226128,1260900
2020-02-12,120.480003,120.599998,119.669998,120.059998,116.575668,1388800
2020-02-13,119.760002,120.75,119.480003,120.599998,117.099998,1290300
2020-02-14,120.910004,121.970001,120.68,121.779999,118.245743,1307700
2020-02-18,121.580002,123.010002,121.019997,122.489998,118.935143,1497200
2020-02-19,122.959999,123.629997,122.57,122.940002,119.372093,1061200
2020-02-20,122.839996,124.160004,121.940002,123.809998,120.216827,1065400
2020-02-21,123.260002,123.870003,122.120003,123.239998,119.663383,1316400
2020-02-24,122.0,123.18,121.050003,121.620003,118.090401,1816400
2020-02-25,121.989998,122.209999,116.559998,116.75,113.361732,2295700
2020-02-26,118.400002,121.410004,117.959999,119.199997,115.740623,2432000
2020-02-27,117.800003,119.019997,111.849998,111.940002,108.69133,2738900
2020-02-28,108.620003,110.650002,106.760002,108.779999,105.623039,4152000
2020-03-02,109.220001,112.0,105.949997,111.980003,108.730164,3138100
2020-03-03,111.0,114.309998,107.589996,109.220001,106.050255,3487300
2020-03-04,109.379997,110.5,105.809998,109.559998,106.380402,4938700
2020-03-05,106.339996,107.160004,100.699997,101.690002,98.738808,3136700
2020-03-06,97.589996,103.419998,97.339996,102.510002,99.534996,3940100
2020-03-09,96.989998,97.82,94.410004,94.809998,92.058464,4067500
2020-03-10,97.160004,101.919998,95.779999,101.849998,98.89415,3921200
2020-03-11,99.419998,100.970001,97.830002,98.559998,95.699623,3731100
2020-03-12,92.669998,96.459999,91.029999,91.349998,88.698875,5273900
2020-03-13,95.629997,97.129997,87.480003,92.830002,90.135925,4298400
2020-03-16,84.339996,84.339996,73.190002,73.93,72.005501,4883700
2020-03-17,74.43,74.669998,67.690002,69.559998,67.749268,7862800
2020-03-18,65.300003,65.949997,56.299999,59.970001,58.408894,8149600
2020-03-19,59.459999,69.330002,57.669998,65.0,63.307957,7958700
2020-03-20,65.43,70.0,63.849998,63.900002,62.236599,10008700
2020-03-23,62.689999,66.43,60.5,62.919998,61.282101,5970200
2020-03-24,67.82,71.800003,66.07,71.580002,69.716667,8351500
2020-03-25,73.949997,84.860001,72.800003,81.290001,79.173897,5655300
2020-03-26,82.339996,86.830002,81.309998,85.599998,83.371719,5436500
2020-03-27,81.779999,85.779999,80.0,82.550003,80.401115,3493000
2020-03-30,82.589996,85.5,80.580002,84.870003,82.660706,3237400
2020-03-31,84.099998,88.790001,83.739998,86.970001,84.706055,4875800
2020-04-01,82.300003,85.370003,79.889999,81.089996,78.979111,4468900
2020-04-02,80.0,82.269997,75.629997,79.400002,77.333115,4137500
2020-04-03,78.580002,79.230003,74.169998,74.75,72.804146,3534700
2020-04-06,80.0,88.059998,78.150002,87.18,84.910583,5382000
2020-04-07,93.660004,95.970001,84.470001,84.809998,82.602264,5867100
2020-04-08,85.75,91.860001,84.699997,89.050003,86.731903,3023800
2020-04-09,90.379997,92.639999,87.889999,88.739998,86.429977,2693900
2020-04-13,89.019997,89.019997,85.099998,87.0,84.73526,2192200
2020-04-14,88.510002,91.360001,88.339996,90.970001,88.601921,3034400
2020-04-15,86.580002,89.349998,86.199997,88.559998,86.254662,2383500
2020-04-16,88.550003,88.82,86.370003,87.190002,84.920311,2610700
2020-04-17,90.059998,92.019997,88.720001,91.720001,89.332397,5080600
2020-04-20,90.480003,90.480003,86.459999,86.510002,84.258026,3565500
2020-04-21,83.650002,85.510002,81.629997,82.699997,80.547203,4154500
2020-04-22,85.07,85.980003,81.940002,83.870003,81.686752,3265800
2020-04-23,84.720001,85.330002,82.32,82.629997,80.479019,3721400
2020-04-24,83.010002,86.300003,82.610001,85.489998,83.264587,2213900
2020-04-27,86.910004,91.099998,86.5,90.830002,88.465576,3238400
2020-04-28,94.050003,101.080002,92.160004,92.540001,90.131065,4800000
2020-04-29,97.139999,98.699997,95.129997,97.050003,94.523651,3552400
2020-04-30,95.43,96.080002,91.050003,91.360001,88.981781,3058100
2020-05-01,88.25,89.580002,87.370003,88.959999,86.644241,1990100
2020-05-04,87.190002,88.800003,85.699997,88.389999,86.089081,1864300
2020-05-05,90.0,90.980003,88.080002,88.769997,86.459183,2423200
2020-05-06,89.330002,90.290001,88.389999,88.860001,86.546844,1938400
2020-05-07,90.639999,91.870003,89.760002,89.849998,87.511078,2286200
2020-05-08,91.099998,91.599998,90.459999,91.459999,89.079163,1480000
2020-05-11,90.099998,91.410004,88.860001,90.75,88.38765,1598100
2020-05-12,90.849998,91.220001,86.120003,86.620003,84.365158,2301600
2020-05-13,85.949997,86.349998,82.620003,83.720001,81.540657,2192900
2020-05-14,82.260002,84.690002,79.860001,84.519997,82.319832,2171100
2020-05-15,83.730003,86.0,82.339996,85.309998,83.089256,3067500
2020-05-18,89.900002,92.400002,88.779999,90.629997,88.270767,2581900
2020-05-19,90.540001,91.610001,87.940002,89.889999,87.550034,3319700
2020-05-20,90.82,92.300003,90.0,90.889999,88.52401,2431800
2020-05-21,94.5,99.400002,93.5,96.870003,94.348335,5012800
2020-05-22,92.980003,96.690002,91.870003,93.879997,91.436172,5340100
2020-05-26,96.730003,97.169998,94.220001,94.599998,92.137428,4445100
2020-05-27,95.220001,96.599998,93.800003,96.489998,93.978233,2974500
2020-05-28,96.559998,100.599998,94.730003,98.269997,95.711899,4286700
2020-05-29,98.040001,98.870003,95.480003,96.959999,94.435997,4511800
2020-06-01,97.080002,99.110001,96.489998,97.199997,94.669754,2253900
2020-06-02,98.559998,98.989998,95.989998,98.809998,96.237823,2510600
2020-06-03,99.919998,100.720001,98.82,100.139999,97.533218,2303300
2020-06-04,99.5,101.0,98.540001,98.959999,96.383934,2689600
2020-06-05,102.300003,104.93,101.300003,102.480003,99.812309,2570800
2020-06-08,102.550003,104.050003,101.389999,102.760002,100.085014,3616800
2020-06-09,102.099998,102.910004,100.669998,101.589996,98.945465,2678700
2020-06-10,101.690002,101.82,98.650002,100.040001,97.435822,3299400
2020-06-11,96.68,96.839996,93.209999,94.370003,91.913422,3797000
2020-06-12,96.419998,96.790001,89.790001,92.480003,90.072609,2933000
2020-06-15,89.139999,91.489998,87.860001,91.330002,88.95256,3879400
2020-06-16,97.089996,98.050003,95.269997,97.620003,95.078812,4164100
2020-06-17,97.739998,98.129997,96.57,96.68,94.163284,3317200
2020-06-18,95.040001,96.379997,91.980003,92.379997,89.97522,3357100
2020-06-19,95.139999,95.150002,91.650002,93.309998,90.881012,6537000
2020-06-22,92.669998,92.889999,90.220001,90.68,88.319473,2839400
2020-06-23,92.010002,93.160004,91.32,91.459999,89.079163,3749000
2020-06-24,89.800003,90.360001,86.440002,87.050003,84.783974,3119100
2020-06-25,86.769997,86.940002,82.489998,84.269997,82.07634,4748500
2020-06-26,83.75,86.690002,83.589996,83.75,81.56987,5236000
2020-06-29,83.93,85.519997,81.610001,85.239998,83.02108,2845900
2020-06-30,85.010002,85.739998,83.779999,85.239998,83.02108,5775200
2020-07-01,85.290001,88.599998,85.220001,87.190002,84.920311,3703700
2020-07-02,88.739998,91.120003,88.309998,88.580002,86.274147,3516300
2020-07-06,89.760002,91.059998,89.540001,90.139999,87.793526,1907500
2020-07-07,89.199997,89.199997,86.169998,86.379997,84.131401,2300300
2020-07-08,86.209999,87.050003,84.809998,86.019997,83.780785,2350800
2020-07-09,85.739998,86.220001,83.25,84.720001,82.514618,2700800
2020-07-10,84.849998,87.75,84.489998,86.790001,84.530739,2767100
2020-07-13,86.970001,87.779999,84.449997,84.82,82.612015,3584900
2020-07-14,83.980003,83.980003,79.650002,80.169998,78.083061,7567700
2020-07-15,81.769997,84.639999,81.629997,83.660004,81.482216,5743700
2020-07-16,83.010002,84.940002,82.400002,84.559998,82.358772,3207100
2020-07-17,85.25,86.080002,84.129997,85.790001,83.556778,3217200
2020-07-20,85.580002,86.080002,83.510002,84.790001,82.582794,3074600
2020-07-21,85.07,88.0,84.120003,86.510002,84.258026,2263300
2020-07-22,86.349998,88.809998,85.620003,88.779999,86.468933,2587700
2020-07-23,88.540001,88.779999,86.849998,87.739998,85.455994,2890100
2020-07-24,87.669998,88.099998,85.949997,86.160004,83.917137,2167600
2020-07-27,85.919998,86.25,84.120003,85.120003,82.904205,2380700
2020-07-28,84.940002,86.540001,84.760002,85.879997,83.644417,1814800
2020-07-29,86.150002,88.959999,86.0,88.43,86.128029,2371500
2020-07-30,87.629997,89.300003,87.059998,88.949997,86.634506,2524000
2020-07-31,88.620003,89.779999,87.93,89.669998,87.335762,3166100
2020-08-03,89.199997,89.709999,87.400002,87.879997,85.592361,2784100
2020-08-04,87.830002,88.790001,87.199997,88.379997,86.079338,2043700
2020-08-05,88.839996,89.599998,88.230003,88.68,86.371536,1894300
2020-08-06,88.849998,88.849998,86.860001,86.970001,84.706055,3282100
2020-08-07,86.949997,89.440002,86.370003,89.440002,87.111748,3321400
2020-08-10,90.0,93.239998,89.809998,92.510002,90.101837,2557800
2020-08-11,93.470001,94.980003,92.379997,93.599998,91.163452,1846200
2020-08-12,93.620003,94.459999,92.349998,94.07,91.621239,1780900
2020-08-13,93.949997,93.959999,93.019997,93.07,90.647255,1583500
2020-08-14,93.199997,94.760002,92.629997,94.059998,91.611481,1838900
2020-08-17,96.120003,97.559998,95.120003,97.129997,94.60157,3101800
2020-08-18,96.779999,96.970001,93.279999,94.300003,91.84523,2933900
2020-08-19,90.5,91.199997,88.57,90.260002,87.910416,4579100
2020-08-20,88.879997,89.709999,87.230003,87.459999,85.183289,3703200
2020-08-21,87.599998,89.779999,86.370003,87.220001,84.949547,4292800
2020-08-24,87.010002,89.32,86.709999,89.309998,86.985138,2981900
2020-08-25,89.790001,92.379997,89.699997,91.25,88.874634,2534100
2020-08-26,91.129997,91.559998,89.730003,89.860001,87.520828,1679600
2020-08-27,90.699997,92.019997,90.25,90.860001,88.494789,1958300
2020-08-28,91.199997,93.93,90.879997,93.830002,91.387466,1781500
2020-08-31,93.0,93.480003,91.029999,91.080002,88.709068,2057900
2020-09-01,91.010002,91.709999,89.529999,91.269997,88.894119,2415900
2020-09-02,92.190002,94.989998,92.089996,94.559998,92.098465,2181000
2020-09-03,95.129997,95.639999,92.980003,93.790001,91.348518,2331800
2020-09-04,94.309998,94.989998,92.720001,93.32,90.890755,1776600
2020-09-08,92.239998,95.279999,91.690002,93.589996,91.153717,2803200
2020-09-09,93.5,94.269997,92.550003,93.470001,91.036842,1895300
2020-09-10,93.309998,94.589996,90.379997,90.709999,88.348694,1858500
2020-09-11,91.160004,91.379997,89.129997,90.220001,87.871445,2264800
2020-09-14,91.220001,94.059998,90.959999,93.769997,91.329025,1708400
2020-09-15,94.209999,94.5,92.790001,93.919998,91.475128,1795600
2020-09-16,94.93,97.849998,94.18,96.019997,93.520454,1909500
2020-09-17,94.010002,94.919998,92.220001,93.879997,91.436172,1463700
2020-09-18,93.889999,94.449997,91.199997,92.269997,89.86808,2357300
2020-09-21,90.949997,91.239998,87.629997,90.419998,88.066238,2466800
2020-09-22,90.709999,91.370003,89.389999,90.620003,88.26104,1427100
2020-09-23,91.0,92.449997,87.5,87.739998,85.455994,2241700
2020-09-24,86.870003,88.099998,85.120003,86.68,84.423599,2016600
2020-09-25,86.449997,88.190002,85.370003,87.93,85.641052,1624500
2020-09-28,89.790001,92.669998,88.82,92.260002,89.858353,1499300
2020-09-29,91.849998,92.139999,90.199997,91.029999,88.660355,1711800
2020-09-30,91.550003,94.629997,91.120003,93.32,90.890755,2045700
2020-10-01,94.110001,96.269997,93.949997,94.830002,92.36145,1460200
2020-10-02,93.0,96.720001,92.230003,96.220001,93.715263,1923300
2020-10-05,96.610001,97.300003,95.910004,97.080002,94.552864,1086000
2020-10-06,97.410004,97.5,94.220001,94.639999,92.176392,1428100
2020-10-07,95.919998,97.650002,95.540001,97.139999,94.611305,1123700
2020-10-08,97.269997,98.029999,96.199997,97.860001,95.312561,904900
2020-10-09,99.349998,99.660004,97.620003,98.410004,95.848251,1517200
2020-10-12,98.919998,99.860001,98.07,98.639999,96.072258,1690700
2020-10-13,99.330002,99.769997,97.510002,97.639999,95.098289,1359600
2020-10-14,97.610001,98.919998,96.120003,96.290001,93.78344,1100100
2020-10-15,95.370003,96.940002,94.879997,96.190002,93.686028,1434200
2020-10-16,95.910004,96.790001,95.0,95.120003,92.64389,1657800
2020-10-19,95.260002,95.660004,90.5,90.959999,88.592186,2791200
2020-10-20,91.959999,93.220001,90.809998,92.18,89.780426,3316600
2020-10-21,92.040001,92.860001,90.800003,92.169998,89.770683,1624100
2020-10-22,92.059998,94.120003,91.760002,93.160004,90.734924,1917800
2020-10-23,94.510002,95.459999,92.589996,95.43,92.945816,1778300
2020-10-26,94.099998,94.639999,90.379997,91.639999,89.254478,2339900
2020-10-27,91.739998,92.480003,90.879997,91.449997,89.069412,1280100
2020-10-28,89.620003,90.080002,85.190002,85.279999,83.060051,3082000
2020-10-29,85.330002,87.720001,84.720001,86.989998,84.725525,1803100
2020-10-30,86.029999,86.849998,84.68,85.169998,82.952896,2634700
2020-11-02,86.900002,88.790001,86.43,88.589996,86.28389,2879700
2020-11-03,88.949997,92.300003,88.949997,91.639999,89.254478,1824100
2020-11-04,92.330002,94.43,91.169998,92.199997,89.799904,1980200
2020-11-05,93.529999,95.400002,92.519997,94.940002,92.468582,1841600
2020-11-06,95.160004,95.160004,92.580002,93.300003,90.871269,1728100
2020-11-09,104.839996,117.769997,104.230003,107.82,105.01329,6490400
2020-11-10,107.519997,109.889999,106.260002,109.419998,106.571648,3511800
2020-11-11,108.980003,109.220001,103.290001,104.18,101.46804,2482200
2020-11-12,103.760002,105.459999,102.550003,104.610001,101.886856,2417500
2020-11-13,106.199997,108.489998,105.239998,108.129997,105.315224,2586100
2020-11-16,109.699997,110.970001,106.480003,110.839996,107.954674,2428000
2020-11-17,108.800003,111.349998,107.18,110.459999,107.584572,2260200
2020-11-18,110.470001,115.639999,110.449997,111.300003,108.40271,3831400
2020-11-19,109.75,111.690002,108.790001,110.199997,107.331337,3665900
2020-11-20,114.989998,115.0,108.800003,108.989998,106.152832,5031300
2020-11-23,110.220001,110.389999,106.370003,108.18,105.36393,3852600
2020-11-24,109.949997,113.540001,109.389999,113.410004,110.457779,2925200
2020-11-25,112.040001,112.230003,109.300003,110.919998,108.0326,2301300
2020-11-27,111.800003,111.919998,108.690002,109.540001,106.688515,827600
2020-11-30,108.440002,108.440002,106.650002,107.519997,104.721092,5951000
2020-12-01,108.629997,112.0,108.0,111.540001,108.636467,2155400
2020-12-02,110.07,111.809998,109.830002,111.580002,108.675407,1072100
2020-12-03,111.239998,113.449997,110.940002,113.059998,110.11689,1526000
2020-12-04,113.510002,115.32,113.209999,115.239998,112.240143,1362700
2020-12-07,114.440002,114.949997,113.059998,113.599998,110.64283,1382400
2020-12-08,112.510002,113.68,111.629997,113.470001,110.516212,1523600
2020-12-09,113.629997,114.690002,112.449997,113.800003,110.837631,1381800
2020-12-10,112.980003,114.25,112.18,113.32,110.370132,1312300
2020-12-11,112.059998,112.949997,110.459999,112.82,109.883141,1636300
2020-12-14,113.980003,114.32,110.489998,110.550003,107.672226,1816600
2020-12-15,111.660004,113.489998,110.25,113.089996,110.146095,1364800
2020-12-16,112.879997,115.349998,112.599998,113.43,110.477257,1081300
2020-12-17,114.269997,116.870003,113.379997,116.690002,113.65239,1477800
2020-12-18,116.709999,118.43,116.230003,117.660004,114.597153,6004000
2020-12-21,114.160004,117.910004,113.980003,116.790001,113.749794,1906300
2020-12-22,116.379997,117.620003,115.519997,116.739998,113.701088,1640400
2020-12-23,117.220001,118.919998,117.220001,118.139999,115.064651,961800
2020-12-24,118.290001,118.290001,116.839996,118.019997,114.947777,608700
2020-12-28,119.459999,123.0,118.589996,122.620003,119.428024,1597800
2020-12-29,122.589996,123.400002,121.260002,121.459999,118.298218,1054100
2020-12-30,121.470001,123.32,121.360001,122.489998,119.301414,786700
2020-12-31,122.449997,123.440002,121.709999,122.809998,119.613075,849200
2021-01-04,122.540001,123.239998,116.480003,117.07,114.022507,2315600
2021-01-05,117.040001,117.949997,115.980003,117.169998,114.119881,1994200
2021-01-06,115.900002,123.139999,115.900002,122.290001,119.106613,1578300
2021-01-07,121.400002,123.029999,121.040001,122.019997,118.843636,1463800
2021-01-08,121.959999,123.800003,121.199997,122.410004,119.223503,1755100
2021-01-11,121.32,122.089996,120.400002,120.870003,117.723587,1856200
2021-01-12,120.059998,122.43,119.800003,121.160004,118.00605,1581200
2021-01-13,119.760002,120.989998,118.550003,119.160004,116.058121,1300400
2021-01-14,119.410004,119.769997,116.019997,117.07,114.022507,2574100
2021-01-15,115.489998,117.370003,114.190002,116.970001,113.92511,1425700
2021-01-19,117.019997,117.809998,113.339996,113.980003,111.012947,2300200
2021-01-20,114.18,116.910004,113.849998,115.059998,112.064827,2413900
2021-01-21,115.290001,116.529999,114.370003,115.389999,112.38623,1010000
2021-01-22,114.949997,115.449997,112.449997,113.330002,110.379868,1583600
2021-01-25,112.580002,114.019997,111.099998,113.540001,110.584396,1708000
2021-01-26,113.480003,114.470001,111.220001,111.660004,108.753326,1214200
2021-01-27,109.580002,111.099998,107.220001,107.889999,105.081467,2699400
2021-01-28,110.059998,116.150002,109.349998,113.790001,110.827888,2445900
2021-01-29,111.959999,112.970001,110.379997,111.290001,108.392967,2381500
2021-02-01,112.639999,113.139999,111.279999,112.410004,109.483826,1412100
2021-02-02,113.470001,116.870003,113.080002,116.279999,113.253075,1645700
2021-02-03,116.309998,118.919998,116.0,117.690002,114.626366,2184000
2021-02-04,118.059998,120.449997,117.589996,118.75,115.65876,1693600
2021-02-05,120.199997,120.639999,117.82,118.720001,115.629547,1389000
2021-02-08,118.959999,120.720001,117.860001,120.660004,117.519051,1441400
2021-02-09,120.599998,120.790001,119.639999,120.050003,116.924927,1103200
2021-02-10,120.610001,120.839996,119.690002,120.279999,117.148941,1214000
2021-02-11,120.959999,123.419998,120.510002,121.879997,118.707291,1559300
2021-02-12,120.940002,122.059998,118.540001,119.089996,115.989922,890700
2021-02-16,119.160004,120.440002,118.029999,119.93,116.808052,1102600
2021-02-17,119.339996,119.940002,118.169998,119.470001,116.360023,1297900
2021-02-18,118.309998,120.900002,117.68,120.209999,117.080772,1838900
2021-02-19,120.290001,120.879997,118.669998,118.949997,115.853561,1755500
2021-02-22,118.019997,121.739998,118.019997,121.5,118.337189,1567600
2021-02-23,121.550003,123.0,119.150002,120.260002,117.129471,2841000
2021-02-24,119.150002,123.900002,119.050003,123.610001,120.392265,1955200
2021-02-25,123.849998,123.849998,118.610001,118.769997,115.678246,2247400
2021-02-26,119.940002,119.989998,115.93,116.639999,113.603699,1794200
2021-03-01,118.25,121.790001,117.809998,120.57,117.431396,2038200
2021-03-02,120.599998,121.0,116.370003,117.639999,114.577667,2258800
2021-03-03,114.0,116.510002,110.839996,111.050003,108.159225,6375000
2021-03-04,110.730003,112.339996,108.510002,112.019997,109.103966,4429300
2021-03-05,113.790001,113.949997,109.559998,113.129997,110.185066,3789500
2021-03-08,114.660004,121.010002,113.419998,120.370003,117.236603,3749300
2021-03-09,122.120003,127.080002,121.169998,124.980003,121.726601,4694300
2021-03-10,125.339996,126.209999,121.379997,121.57,118.405357,3805900
2021-03-11,121.93,123.690002,120.699997,120.870003,117.723587,2425000
2021-03-12,121.260002,122.900002,120.25,122.620003,119.428024,2971700
2021-03-15,122.620003,126.120003,122.279999,125.269997,122.293297,2647100
2021-03-16,124.199997,124.199997,121.639999,123.389999,120.457954,1974600
2021-03-17,122.830002,124.43,122.260002,123.68,120.741074,1786100
2021-03-18,123.080002,125.230003,122.220001,123.169998,120.243187,2208400
2021-03-19,119.889999,122.68,119.32,121.309998,118.427391,7687500
2021-03-22,122.290001,122.489998,118.82,120.660004,117.792839,1778500
2021-03-23,122.0,122.0,115.589996,116.68,113.90741,2072900
2021-03-24,116.760002,119.260002,115.400002,115.480003,112.735931,2022600
2021-03-25,113.68,119.470001,113.68,118.989998,116.162514,1771300
2021-03-26,119.519997,122.489998,119.160004,122.360001,119.452454,2007000
2021-03-29,121.660004,123.129997,118.360001,120.029999,117.177803,1484200
2021-03-30,118.900002,121.660004,118.800003,120.379997,117.519485,1338000
2021-03-31,119.910004,122.559998,119.519997,119.910004,117.060669,1675400
2021-04-01,121.349998,121.650002,119.5,120.510002,117.6464,1370900
2021-04-05,121.849998,123.080002,120.480003,122.980003,120.057709,1265200
2021-04-06,122.730003,124.239998,122.199997,123.5,120.565346,1553100
2021-04-07,123.330002,124.360001,122.529999,123.410004,120.477486,1747000
2021-04-08,124.139999,127.639999,122.580002,127.449997,124.421494,2335400
2021-04-09,127.239998,128.570007,126.169998,128.220001,125.173187,1214900
2021-04-12,128.190002,128.479996,126.629997,128.0,124.95842,1258400
2021-04-13,127.980003,127.980003,124.800003,126.389999,123.386673,1508000
2021-04-14,126.699997,127.629997,125.870003,126.870003,123.85527,2262900
2021-04-15,128.160004,129.639999,127.839996,129.070007,126.003006,1885800
2021-04-16,129.509995,130.080002,129.220001,129.910004,126.823051,1676100
2021-04-19,129.5,130.0,127.209999,127.489998,124.460533,1309500
2021-04-20,126.730003,126.730003,123.639999,124.959999,121.990662,1723000
2021-04-21,125.150002,127.769997,124.5,127.370003,124.343391,1242400
2021-04-22,127.379997,129.479996,127.139999,127.839996,124.802216,1144800
2021-04-23,127.949997,129.449997,127.129997,128.820007,125.758926,966700
2021-04-26,128.600006,129.029999,126.449997,127.190002,124.167679,1107900
2021-04-27,127.169998,129.720001,126.870003,129.169998,126.100609,1523800
2021-04-28,128.559998,129.589996,128.009995,128.520004,125.466064,1040400
2021-04-29,129.059998,131.270004,128.820007,131.179993,128.062836,1220900
2021-04-30,131.410004,132.800003,130.130005,130.940002,127.828575,1253100
2021-05-03,131.309998,133.169998,130.919998,132.130005,128.990311,1182300
2021-05-04,131.149994,132.050003,129.990005,131.990005,128.853607,1833600
2021-05-05,132.199997,132.979996,128.360001,128.720001,125.661316,2196600
2021-05-06,129.25,129.800003,127.709999,129.059998,125.993225,1643400
2021-05-07,128.559998,133.320007,128.369995,132.960007,129.800568,1438100
2021-05-10,133.600006,134.220001,130.869995,130.960007,127.848091,1227700
2021-05-11,130.179993,130.179993,126.339996,129.119995,126.051796,1415900
2021-05-12,127.730003,128.429993,123.510002,124.089996,121.141327,1970200
2021-05-13,124.879997,127.18,124.0,125.739998,122.752106,1295700
2021-05-14,126.660004,131.229996,126.300003,130.5,127.399025,1493600
2021-05-17,129.149994,129.75,127.550003,128.419998,125.368439,2486100
2021-05-18,128.589996,129.139999,124.169998,124.809998,121.844215,3589700
2021-05-19,123.120003,125.519997,120.489998,125.139999,122.166374,3946200
2021-05-20,124.629997,125.919998,121.620003,122.480003,119.569588,3755900
2021-05-21,124.739998,125.720001,121.790001,123.25,120.321297,3684800
2021-05-24,123.900002,124.589996,122.989998,123.510002,120.575111,2493500
2021-05-25,124.540001,124.540001,122.269997,123.870003,120.926559,2675900
2021-05-26,124.300003,126.239998,124.010002,126.139999,123.142609,1915600
2021-05-27,126.040001,126.279999,124.019997,125.660004,122.674026,4549600
2021-05-28,126.959999,127.190002,124.739998,126.389999,123.386673,2044900
2021-06-01,126.029999,127.129997,122.470001,122.970001,120.047951,1982600
2021-06-02,122.790001,123.099998,120.639999,120.989998,118.11499,2091500
2021-06-03,119.989998,120.870003,117.830002,119.480003,116.640869,2381600
2021-06-04,120.43,120.75,118.169998,119.470001,116.631111,2069300
2021-06-07,119.059998,119.720001,118.089996,119.220001,116.665375,2078600
2021-06-08,120.370003,121.099998,119.720001,120.269997,117.692856,1798900
2021-06-09,120.879997,120.919998,119.260002,120.089996,117.516708,1735600
2021-06-10,119.470001,120.080002,117.43,117.970001,115.442154,4707600
2021-06-11,119.150002,120.089996,118.269997,120.080002,117.506943,3456300
2021-06-14,120.169998,121.050003,118.339996,119.220001,116.665375,1856200
2021-06-15,119.379997,119.82,117.830002,118.730003,116.18586,2117900
2021-06-16,119.120003,119.580002,117.690002,118.980003,116.430511,2415100
2021-06-17,119.059998,119.309998,116.589996,118.230003,115.696571,3734400
2021-06-18,116.720001,117.110001,114.559998,115.260002,112.790215,4148500
2021-06-21,115.980003,119.489998,115.980003,119.410004,116.851295,2264400
2021-06-22,119.290001,120.889999,118.540001,120.400002,117.820068,1571500
2021-06-23,120.0,121.559998,119.650002,120.879997,118.28978,1291500
2021-06-24,122.010002,123.43,121.510002,123.169998,120.530731,1652600
2021-06-25,124.089996,125.050003,123.07,123.57,120.922157,3143700
2021-06-28,123.459999,123.459999,121.089996,121.779999,119.170502,1271100
2021-06-29,122.199997,122.839996,121.790001,122.160004,119.542374,1249900
2021-06-30,122.449997,124.43,122.059998,124.0,121.342949,1792500
2021-07-01,124.0,125.360001,124.0,124.989998,122.311722,1499300
2021-07-02,125.129997,126.519997,124.82,126.25,123.544731,1220400
2021-07-06,126.629997,126.760002,124.610001,126.519997,123.808929,2446200
2021-07-07,127.050003,127.580002,123.540001,124.089996,121.431,1581600
2021-07-08,123.309998,123.309998,120.160004,121.669998,119.062866,1643300
2021-07-09,122.610001,124.82,122.610001,124.769997,122.096436,1412800
2021-07-12,123.93,124.629997,123.239998,124.099998,121.440804,1079200
2021-07-13,123.959999,124.300003,122.470001,122.669998,120.041435,1177200
2021-07-14,123.419998,125.510002,123.25,124.889999,122.213882,1290500
2021-07-15,123.32,124.25,122.690002,123.699997,121.04937,1486300
2021-07-16,124.080002,124.529999,119.300003,119.489998,116.929588,2197700
2021-07-19,117.580002,117.860001,114.389999,115.540001,113.064217,2106400
2021-07-20,115.639999,119.330002,114.489998,118.589996,116.048866,1984600
2021-07-21,118.959999,121.870003,118.959999,121.650002,119.043297,1830500
2021-07-22,121.709999,121.739998,120.349998,121.199997,118.602928,1025600
2021-07-23,122.050003,122.620003,120.980003,121.68,119.072647,962100
2021-07-26,121.529999,122.449997,120.529999,122.389999,119.767433,1195800
2021-07-27,122.349998,123.260002,120.870003,121.629997,119.02372,2150500
2021-07-28,121.599998,122.540001,120.760002,121.18,118.583366,1123100
2021-07-29,121.349998,123.959999,121.349998,122.580002,119.953362,1166000
2021-07-30,122.050003,125.330002,121.669998,122.690002,120.061005,1197800
2021-08-02,123.360001,123.660004,120.720001,121.010002,118.417007,906800
2021-08-03,121.620003,122.07,119.110001,122.0,119.385796,1157800
2021-08-04,121.660004,121.779999,118.620003,118.699997,116.156509,1464800
2021-08-05,119.589996,121.330002,119.169998,120.669998,118.08429,1305500
2021-08-06,121.010002,123.169998,120.860001,123.089996,120.452438,1414000
2021-08-09,122.529999,122.800003,120.720001,121.459999,118.857361,1080300
2021-08-10,121.800003,126.400002,121.379997,125.739998,123.045647,1635400
2021-08-11,126.18,127.330002,125.400002,127.25,124.523285,1436300
2021-08-12,127.019997,127.339996,124.510002,125.43,122.742302,1075800
2021-08-13,125.449997,125.709999,124.230003,124.660004,121.9888,1308700
2021-08-16,124.639999,124.910004,122.709999,124.800003,122.125801,1133600
2021-08-17,123.629997,124.050003,120.110001,120.760002,118.172371,1839300
2021-08-18,120.839996,125.690002,119.860001,124.050003,121.391876,2526700
2021-08-19,123.040001,126.860001,122.489998,126.580002,123.867653,2594000
2021-08-20,121.879997,123.57,118.919998,123.120003,120.481789,4914800
2021-08-23,123.769997,125.720001,123.389999,124.449997,121.783302,1728600
2021-08-24,124.949997,125.629997,123.470001,123.790001,121.137436,2393700
2021-08-25,123.449997,124.379997,122.099998,123.980003,121.323364,1683100
2021-08-26,122.760002,122.870003,118.410004,119.25,116.694725,2400300
2021-08-27,119.199997,120.260002,118.199997,118.889999,116.342438,2130700
2021-08-30,119.220001,119.669998,117.82,118.480003,115.941223,1306100
2021-08-31,118.300003,118.68,117.529999,118.400002,115.862946,1960400
2021-09-01,118.629997,118.75,116.660004,117.529999,115.011581,1512100
2021-09-02,117.349998,117.720001,116.699997,116.959999,114.453781,1331600
2021-09-03,115.910004,116.559998,115.199997,115.379997,113.183449,1243600
2021-09-07,114.839996,115.129997,113.720001,114.519997,112.339813,2130700
2021-09-08,114.739998,114.889999,113.160004,114.25,112.074966,1990000
2021-09-09,114.370003,116.099998,114.150002,114.269997,112.094574,1340300
2021-09-10,114.75,115.029999,112.730003,112.809998,110.662376,1302500
2021-09-13,113.889999,114.57,112.989998,113.550003,111.38829,1330100
2021-09-14,114.489998,114.540001,112.110001,112.419998,110.2798,1670500
2021-09-15,111.919998,113.040001,111.440002,112.910004,110.760475,1554900
2021-09-16,113.230003,114.239998,112.949997,113.650002,111.486389,2031200
2021-09-17,114.199997,115.779999,113.809998,114.620003,112.43792,2795300
2021-09-20,113.339996,114.459999,111.620003,113.129997,110.976288,1355100
2021-09-21,114.040001,115.419998,113.419998,113.830002,111.662949,1561900
2021-09-22,115.120003,115.790001,114.07,114.190002,112.016121,1036300
2021-09-23,114.230003,117.470001,114.230003,115.559998,113.360023,1242400
2021-09-24,114.779999,116.209999,114.620003,115.989998,113.78183,1099400
2021-09-27,115.75,118.629997,115.75,116.599998,114.380226,1234600
2021-09-28,115.709999,116.230003,113.379997,114.550003,112.369247,1380200
2021-09-29,115.370003,116.519997,114.480003,114.970001,112.78125,984600
2021-09-30,113.400002,114.139999,108.470001,108.849998,106.777756,3208800
2021-10-01,109.57,112.18,108.980003,111.089996,108.975121,2634300
2021-10-04,110.989998,112.440002,109.849998,110.209999,108.111885,1577200
2021-10-05,109.910004,110.510002,108.120003,108.32,106.257851,2838500
2021-10-06,107.669998,107.940002,104.919998,105.879997,103.864288,3235700
2021-10-07,107.360001,109.519997,107.040001,107.910004,105.855659,1764300
2021-10-08,108.349998,108.93,107.239998,107.870003,105.816429,1549500
2021-10-11,107.68,108.410004,105.5,105.540001,103.530777,1437000
2021-10-12,106.080002,107.160004,105.779999,106.199997,104.178207,1162500
2021-10-13,107.18,107.620003,106.120003,106.639999,104.60984,1320100
2021-10-14,105.720001,108.839996,105.629997,108.139999,106.081284,1344300
2021-10-15,109.150002,109.730003,108.25,108.709999,106.640434,1383100
2021-10-18,108.07,109.730003,107.059998,109.5,107.415382,1353100
2021-10-19,109.93,109.93,108.089996,108.660004,106.591377,1153900
2021-10-20,108.82,110.739998,108.68,109.190002,107.111298,1259700
2021-10-21,109.550003,110.809998,109.550003,110.709999,108.602356,801800
2021-10-22,110.980003,111.010002,109.839996,110.389999,108.288445,718400
2021-10-25,111.0,113.25,110.830002,113.120003,110.966469,1689000
2021-10-26,113.379997,114.510002,112.709999,113.860001,111.69239,2056400
2021-10-27,113.860001,114.080002,110.559998,110.660004,108.553307,1759000
2021-10-28,111.470001,113.709999,110.830002,112.970001,110.819344,3301500
2021-10-29,112.970001,113.489998,112.32,113.199997,111.044945,1927300
2021-11-01,113.050003,115.139999,112.610001,114.010002,111.839539,1482800
2021-11-02,114.949997,115.989998,113.089996,114.540001,112.359451,1666600
2021-11-03,114.459999,117.449997,114.459999,117.330002,115.096321,1356800
2021-11-04,117.489998,118.32,116.900002,117.589996,115.351364,1097500
2021-11-05,118.379997,120.599998,118.379997,119.650002,117.372169,1496600
2021-11-08,119.949997,120.110001,117.449997,118.620003,116.361763,1414200
2021-11-09,118.68,120.029999,118.449997,119.269997,116.99939,1427800
2021-11-10,119.379997,120.43,118.57,118.669998,116.41082,1203700
2021-11-11,116.75,117.620003,115.290001,115.470001,113.271729,2299500
2021-11-12,116.029999,116.5,114.68,115.5,113.301155,1301500
2021-11-15,116.949997,117.970001,115.029999,115.449997,113.252113,1731700
2021-11-16,115.900002,116.260002,114.279999,115.019997,112.830292,2174800
2021-11-17,119.779999,123.360001,115.910004,116.519997,114.30175,3978900
2021-11-18,117.230003,119.980003,115.720001,119.519997,117.244629,4922500
2021-11-19,115.080002,116.839996,110.919998,112.779999,110.632942,6664900
2021-11-22,113.800003,114.410004,109.790001,111.169998,109.053596,3080300
2021-11-23,110.589996,115.800003,110.300003,115.43,113.232491,2724600
2021-11-24,114.120003,115.580002,113.290001,115.510002,113.310982,1547000
2021-11-26,112.199997,112.419998,109.269997,110.010002,107.91568,2045800
2021-11-29,112.089996,112.809998,110.290001,111.660004,109.534264,2022900
2021-11-30,110.889999,110.989998,106.629997,109.089996,107.013199,3091900
2021-12-01,110.980003,111.949997,104.790001,104.870003,102.873543,1894800
2021-12-02,106.290001,111.550003,106.290001,110.559998,108.455208,2396700
2021-12-03,110.769997,111.330002,108.75,110.190002,108.092262,1719100
2021-12-06,111.739998,114.139999,111.339996,112.68,110.821487,1697300
2021-12-07,110.470001,114.190002,110.230003,113.099998,111.23455,2167300
2021-12-08,113.93,114.440002,112.209999,113.129997,111.264053,2267700
2021-12-09,112.519997,113.650002,111.980003,112.529999,110.673958,1194400
2021-12-10,113.269997,113.800003,111.669998,112.860001,110.998505,1541400
2021-12-13,112.360001,112.959999,109.07,109.68,107.870964,1637600
2021-12-14,109.0,111.870003,108.809998,109.599998,107.792282,1779600
2021-12-15,108.860001,109.690002,106.120003,108.82,107.025146,1675900
2021-12-16,111.209999,111.529999,108.919998,109.269997,107.46772,1765800
2021-12-17,108.830002,110.089996,107.099998,108.07,106.287521,3542600
2021-12-20,106.790001,106.790001,103.620003,105.860001,104.113976,1997400
2021-12-21,106.769997,108.660004,105.900002,108.550003,106.759605,1508700
2021-12-22,108.699997,109.440002,107.769997,109.029999,107.231682,1294600
2021-12-23,109.5,110.82,108.860001,110.160004,108.343048,1187400
2021-12-27,110.620003,113.129997,110.379997,112.370003,110.516602,1656200
2021-12-28,111.970001,113.400002,111.839996,112.160004,110.310066,1139700
2021-12-29,112.230003,114.0,112.230003,113.309998,111.441086,1399300
2021-12-30,113.410004,114.93,113.400002,114.269997,112.385254,860100
2021-12-31,114.269997,115.099998,113.769997,114.279999,112.395088,1134800
2022-01-03,113.25,115.220001,112.900002,113.160004,111.293564,1793200
2022-01-04,113.809998,114.660004,112.800003,113.160004,111.293564,2273300
2022-01-05,113.330002,113.769997,109.599998,109.660004,107.851303,2345100
2022-01-06,110.400002,110.620003,108.300003,109.440002,107.634926,1844400
2022-01-07,108.669998,108.669998,104.900002,104.989998,103.258324,2999200
2022-01-10,104.32,104.419998,100.940002,103.120003,101.419159,4096400
2022-01-11,102.959999,107.07,102.599998,106.93,105.166321,2645100
2022-01-12,107.610001,108.669998,104.559998,105.440002,103.700897,2260900
2022-01-13,105.739998,106.330002,104.449997,104.730003,103.002609,1960700
2022-01-14,103.82,104.139999,100.559998,102.269997,100.583183,3552200
2022-01-18,100.980003,101.150002,98.790001,99.209999,97.573654,4103200
2022-01-19,99.959999,100.93,98.860001,99.029999,97.396614,2118500
2022-01-20,99.419998,100.860001,97.150002,97.43,95.823013,2379800
2022-01-21,97.489998,98.68,95.050003,95.43,93.855995,3086000
2022-01-24,93.599998,98.449997,92.940002,98.25,96.629486,4575900
2022-01-25,95.910004,97.949997,94.290001,96.610001,95.016541,3139100
2022-01-26,97.279999,99.32,94.0,94.760002,93.19706,3125200
2022-01-27,96.379997,97.82,94.419998,94.870003,93.305244,2214700
2022-01-28,94.349998,95.830002,92.550003,95.769997,94.190384,4187700
2022-01-31,95.110001,97.949997,94.900002,97.75,96.137733,2891500
2022-02-01,98.260002,99.139999,97.519997,98.540001,96.914711,3762500
2022-02-02,98.980003,99.410004,96.620003,97.330002,95.724663,2966300
2022-02-03,97.019997,97.279999,94.290001,94.379997,92.823303,3057100
2022-02-04,93.510002,94.870003,92.099998,94.160004,92.606949,3617800
2022-02-07,94.550003,95.089996,92.970001,93.349998,91.81031,2512900
2022-02-08,93.800003,96.150002,93.139999,95.480003,93.90519,2161600
2022-02-09,96.879997,97.959999,96.559998,97.419998,95.813171,2827100
2022-02-10,94.32,98.010002,94.32,96.57,94.977203,2470000
2022-02-11,96.489998,97.029999,93.940002,94.269997,92.715126,2187700
2022-02-14,94.910004,95.690002,93.330002,94.269997,92.715126,2320400
2022-02-15,95.599998,96.589996,94.940002,96.190002,94.603462,2565200
2022-02-16,95.779999,96.529999,94.449997,95.699997,94.121536,2431600
2022-02-17,94.379997,95.620003,91.349998,91.75,90.236694,3101500
2022-02-18,91.440002,94.209999,91.260002,93.470001,91.928329,3260000
2022-02-22,93.32,95.510002,91.900002,92.239998,90.718613,3364800
2022-02-23,89.529999,90.309998,86.529999,88.019997,86.568214,5274900
2022-02-24,86.720001,90.790001,86.150002,90.639999,89.144997,4279900
2022-02-25,91.0,92.959999,89.769997,92.730003,91.200531,2525100
2022-02-28,91.199997,91.970001,90.220001,91.389999,89.882637,3177700
2022-03-01,91.0,91.919998,88.959999,89.550003,88.072983,4002500
2022-03-02,95.160004,97.610001,94.080002,95.0,93.43309,5477000
2022-03-03,94.93,94.93,92.160004,93.529999,91.987343,3266600
2022-03-04,92.690002,93.040001,88.870003,89.440002,87.964806,4347900
2022-03-07,89.739998,89.940002,85.089996,85.120003,83.716057,4641900
2022-03-08,85.480003,88.739998,84.440002,85.860001,84.44384,3160200
2022-03-09,88.279999,89.300003,86.629997,88.57,87.109146,3488200
2022-03-10,87.040001,89.800003,86.309998,89.599998,88.122154,2235100
2022-03-11,90.709999,91.099998,87.599998,87.760002,86.3125,2228200
2022-03-14,88.290001,88.730003,85.580002,85.760002,84.644485,2063100
2022-03-15,87.459999,88.580002,86.07,87.459999,86.322372,2744000
2022-03-16,88.620003,91.349998,88.400002,91.339996,90.151909,3376600
2022-03-17,90.339996,92.589996,90.050003,92.209999,91.01059,2467400
2022-03-18,91.389999,93.470001,90.769997,93.330002,92.11602,4463400
2022-03-21,93.830002,94.25,90.440002,91.07,89.885414,2095200
2022-03-22,91.900002,93.379997,91.099998,91.68,90.48748,2008000
2022-03-23,90.989998,91.07,88.940002,89.739998,88.572708,2858800
2022-03-24,90.349998,90.720001,89.150002,90.419998,89.243866,1739400
2022-03-25,91.279999,91.540001,88.629997,90.220001,89.046478,2284200
2022-03-28,90.330002,91.589996,89.400002,91.559998,90.369041,1496500
2022-03-29,93.18,95.940002,93.139999,95.550003,94.307152,2467100
2022-03-30,94.540001,94.830002,92.449997,92.610001,91.405396,2188100
2022-03-31,92.169998,92.800003,90.400002,90.459999,89.283356,2927900
2022-04-01,91.339996,91.480003,89.949997,90.610001,89.431404,2160700
2022-04-04,90.989998,93.540001,90.309998,93.169998,91.958107,2416800
2022-04-05,92.199997,94.080002,90.980003,93.150002,91.938362,2451800
2022-04-06,91.410004,95.110001,91.07,94.190002,92.964844,3356700
2022-04-07,93.239998,95.82,92.18,95.349998,94.109749,2811100
2022-04-08,95.190002,98.309998,95.110001,96.839996,95.58036,2722400
2022-04-11,99.160004,102.5,98.849998,99.709999,98.413033,3994400
2022-04-12,100.260002,103.519997,100.260002,102.190002,100.860786,4825600
2022-04-13,102.519997,104.059998,102.459999,102.93,101.591148,2300100
2022-04-14,102.699997,104.690002,102.699997,103.080002,101.739204,2165800
2022-04-18,102.410004,105.019997,102.300003,104.489998,103.130852,2969700
2022-04-19,104.379997,107.849998,104.330002,107.360001,105.963531,3030200
2022-04-20,107.919998,109.349998,107.809998,108.410004,106.999878,2072700
2022-04-21,109.410004,110.419998,106.769997,107.18,105.785873,2536800
2022-04-22,105.949997,106.410004,103.290001,103.459999,102.114258,2430100
2022-04-25,103.18,105.879997,101.970001,105.610001,104.236298,2748200
2022-04-26,104.279999,105.199997,102.970001,103.029999,101.68985,2425000
2022-04-27,102.720001,102.970001,100.360001,101.25,99.932999,2648000
2022-04-28,102.440002,104.489998,101.370003,104.169998,102.815018,2373300
2022-04-29,102.519997,103.279999,99.5,99.769997,98.472252,2696800
2022-05-02,100.400002,101.730003,98.879997,101.32,100.00209,3059100
2022-05-03,101.620003,101.68,98.82,100.449997,99.14341,2449700
2022-05-04,100.489998,104.209999,98.919998,103.919998,102.568268,2449200
2022-05-05,102.400002,103.309998,98.480003,99.889999,98.590698,2719500
2022-05-06,99.129997,99.220001,95.07,96.239998,94.988167,3446300
2022-05-09,95.5,96.349998,93.029999,93.410004,92.194984,3225500
2022-05-10,94.68,95.120003,87.82,89.620003,88.454277,5568400
2022-05-11,89.099998,90.489998,87.68,87.849998,86.707306,3338000
2022-05-12,87.150002,89.68,86.959999,89.120003,87.960785,3092000
2022-05-13,90.029999,92.199997,89.709999,92.059998,90.862541,2701800
2022-05-16,91.529999,92.370003,90.050003,91.809998,90.615799,2563900
2022-05-17,91.5,93.150002,89.360001,93.059998,91.849533,3958400
2022-05-18,95.360001,98.410004,92.160004,92.800003,91.592911,7013200
2022-05-19,92.029999,94.669998,91.209999,92.699997,91.494209,7356600
2022-05-20,70.0,74.650002,69.75,71.870003,70.935158,34575500
2022-05-23,72.269997,79.800003,72.239998,78.75,77.725677,12789900
2022-05-24,77.709999,78.589996,75.580002,77.610001,76.600502,6149500
2022-05-25,77.360001,82.57,76.589996,81.360001,80.301727,4410400
2022-05-26,82.400002,87.32,82.379997,86.989998,85.858482,5308700
2022-05-27,87.370003,89.220001,86.089996,87.309998,86.174316,3767500
2022-05-31,86.349998,86.449997,84.129997,85.019997,83.914108,4228700
2022-06-01,85.400002,85.75,82.360001,82.660004,81.584808,3805800
2022-06-02,82.5,83.790001,81.900002,83.209999,82.127655,3585300
2022-06-03,82.5,83.970001,82.25,82.720001,81.644035,3059400
2022-06-06,82.919998,83.25,81.120003,81.330002,80.574074,2676000
2022-06-07,79.459999,81.410004,78.93,80.510002,79.761696,3671800
2022-06-08,80.57,83.230003,79.690002,81.050003,80.296669,2557300
2022-06-09,80.150002,80.879997,79.68,79.760002,79.018661,2719700
2022-06-10,78.330002,79.349998,77.150002,77.199997,76.482452,3983400
2022-06-13,75.260002,75.959999,74.459999,74.830002,74.134483,4753300
2022-06-14,74.959999,75.720001,73.360001,74.0,73.312202,3113300
2022-06-15,74.75,76.970001,74.75,76.0,75.29361,2616400
2022-06-16,74.160004,74.459999,72.949997,73.610001,72.925827,3303200
2022-06-17,73.709999,75.709999,73.43,74.760002,74.065132,5539300
2022-06-21,75.620003,76.309998,74.309998,75.099998,74.40197,3204600
2022-06-22,73.910004,74.769997,72.510002,72.809998,72.133255,3335100
2022-06-23,73.290001,74.279999,72.220001,73.980003,73.292381,2821900
2022-06-24,74.989998,78.269997,74.690002,77.529999,76.809387,10913200
2022-06-27,77.510002,78.279999,75.839996,76.339996,75.63044,2123200
2022-06-28,76.610001,77.309998,72.660004,72.779999,72.103531,3612500
2022-06-29,72.400002,72.709999,71.480003,71.809998,71.142548,2807200
2022-06-30,70.480003,71.580002,69.580002,70.230003,69.57724,5531300
2022-07-01,70.139999,71.540001,69.239998,71.379997,70.716545,2977800
2022-07-05,70.25,74.190002,70.099998,73.82,73.133873,3824500
2022-07-06,74.510002,74.93,72.949997,73.989998,73.302292,2470000
2022-07-07,74.129997,76.669998,74.129997,76.540001,75.82859,2387000
2022-07-08,75.970001,76.449997,74.919998,75.459999,74.758621,2596400
2022-07-11,75.349998,75.599998,73.550003,74.599998,73.906616,1969600
2022-07-12,74.43,76.019997,74.220001,75.07,74.372253,2827900
2022-07-13,73.580002,76.610001,73.529999,76.330002,75.620544,3164600
2022-07-14,75.349998,77.239998,75.190002,76.970001,76.254593,3095200
2022-07-15,77.610001,78.620003,77.57,77.980003,77.255211,2875800
2022-07-18,78.870003,81.260002,78.870003,79.120003,78.384613,2948700
2022-07-19,79.910004,81.550003,79.300003,81.169998,80.415558,2424300
2022-07-20,81.400002,82.68,80.910004,82.480003,81.713379,2444900
2022-07-21,82.290001,83.709999,81.660004,83.610001,82.832878,1938100
2022-07-22,83.800003,84.949997,82.470001,83.239998,82.466316,1680200
2022-07-25,83.379997,83.379997,81.620003,82.629997,81.861984,1484600
2022-07-26,78.419998,79.43,77.669998,77.959999,77.23539,3430100
2022-07-27,78.290001,80.550003,77.440002,80.269997,79.523918,1889600
2022-07-28,80.669998,81.470001,79.480003,81.400002,80.643425,1543700
2022-07-29,81.459999,81.699997,79.970001,81.260002,80.504723,2032400
2022-08-01,80.989998,83.059998,80.510002,82.300003,81.535057,2394800
2022-08-02,82.849998,82.849998,79.230003,79.830002,79.088005,4103000
2022-08-03,80.790001,85.089996,80.690002,84.580002,83.793861,2990800
2022-08-04,84.129997,84.949997,83.290001,83.760002,82.981483,1677800
2022-08-05,83.050003,84.580002,82.82,84.230003,83.447121,1350000
2022-08-08,85.019997,87.0,84.610001,85.309998,84.517082,1836200
2022-08-09,85.139999,85.309998,83.260002,84.459999,83.67498,1834300
2022-08-10,86.120003,87.370003,86.089996,86.18,85.378998,1799900
2022-08-11,87.220001,89.660004,87.139999,88.150002,87.330673,2517600
2022-08-12,88.32,90.220001,88.029999,90.120003,89.282372,1908500
2022-08-15,89.599998,90.68,89.199997,90.160004,89.321999,2146000
2022-08-16,90.379997,94.389999,90.379997,92.639999,91.778946,3432400
2022-08-17,91.220001,94.440002,90.239998,92.82,91.957275,3846700
2022-08-18,91.790001,92.410004,90.769997,92.0,91.144897,3072800
2022-08-19,91.760002,93.769997,89.269997,91.010002,90.164093,4911300
2022-08-22,90.040001,90.68,87.949997,88.110001,87.291046,3668100
2022-08-23,88.18,89.300003,87.75,87.959999,87.142441,2148700
2022-08-24,87.769997,90.760002,87.199997,90.559998,89.718277,2746700
2022-08-25,89.879997,92.120003,89.5,90.910004,90.065025,2475500
2022-08-26,91.18,91.639999,87.129997,87.260002,86.448952,2530300
2022-08-29,86.339996,88.269997,85.860001,86.959999,86.151741,2260900
2022-08-30,87.410004,88.129997,85.620003,86.330002,85.527603,1960400
2022-08-31,86.650002,86.989998,85.629997,86.269997,85.468147,2153700
2022-09-01,85.790001,88.620003,85.790001,88.510002,87.687332,2248600
2022-09-02,88.739998,89.239998,86.68,87.389999,86.882042,2094800
2022-09-06,87.709999,88.110001,85.650002,86.720001,86.215935,1822800
2022-09-07,87.230003,92.779999,87.160004,92.139999,91.604431,2868000
2022-09-08,91.230003,92.800003,90.629997,92.260002,91.72374,2144200
2022-09-09,92.120003,93.699997,92.120003,93.510002,92.966469,2046600
2022-09-12,94.040001,95.830002,94.040001,94.980003,94.427925,2158700
2022-09-13,92.209999,93.120003,89.459999,89.860001,89.337685,2602400
2022-09-14,90.150002,90.639999,88.309998,89.459999,88.94001,2054600
2022-09-15,89.540001,91.68,89.309998,89.559998,89.039429,2034400
2022-09-16,88.75,90.730003,88.160004,90.25,89.725418,3962400
2022-09-19,89.389999,90.980003,89.230003,90.739998,90.21257,2063700
2022-09-20,89.720001,89.839996,86.849998,88.300003,87.786751,2055200
2022-09-21,88.949997,90.860001,87.580002,87.849998,87.339363,2319600
2022-09-22,87.739998,88.239998,86.019997,86.589996,86.086685,3681300
2022-09-23,86.010002,86.050003,83.059998,84.440002,83.949188,2993800
2022-09-26,84.809998,86.050003,82.839996,82.93,82.447968,2630800
2022-09-27,83.720001,85.489998,82.529999,84.400002,83.909424,2262300
2022-09-28,85.190002,87.639999,84.660004,87.010002,86.50425,2102600
2022-09-29,86.150002,86.150002,83.169998,84.029999,83.541573,2051000
2022-09-30,83.419998,86.019997,81.230003,84.269997,83.780174,3720900
2022-10-03,85.470001,87.489998,84.150002,85.959999,85.460358,2706600
2022-10-04,87.760002,89.5,87.75,89.379997,88.860474,1972200
2022-10-05,88.449997,90.410004,87.980003,89.82,89.297913,1767700
2022-10-06,89.709999,90.720001,88.139999,88.239998,87.727097,1788900
2022-10-07,87.290001,87.779999,86.169998,86.860001,86.355118,1743100
2022-10-10,87.169998,87.629997,84.099998,85.870003,85.370872,1836800
2022-10-11,85.25,87.550003,84.800003,86.139999,85.639305,1931100
2022-10-12,86.25,86.660004,84.419998,84.510002,84.018784,2125100
2022-10-13,82.389999,85.989998,81.57,85.449997,84.953308,2988800
2022-10-14,86.120003,86.790001,81.209999,81.449997,80.97657,2788400
2022-10-17,83.580002,84.919998,83.360001,84.209999,83.72052,3007300
2022-10-18,85.879997,86.980003,83.989998,84.660004,84.167908,1890400
2022-10-19,83.949997,85.059998,82.209999,83.660004,83.173729,1479200
2022-10-20,84.150002,85.230003,82.349998,82.489998,82.010521,1716300
2022-10-21,82.400002,85.339996,82.139999,85.07,84.575531,2194000
2022-10-24,85.239998,87.32,84.519997,87.089996,86.583778,1792200
2022-10-25,89.169998,93.650002,88.660004,93.07,92.52903,3595500
2022-10-26,93.620003,95.559998,93.010002,93.389999,92.847168,2939100
2022-10-27,93.93,95.279999,93.440002,94.599998,94.050133,2347100
2022-10-28,94.040001,95.809998,93.139999,95.349998,94.795769,2293900
2022-10-31,95.099998,96.57,94.720001,95.690002,95.133797,2969800
2022-11-01,96.459999,97.360001,92.690002,94.68,94.129669,2643300
2022-11-02,94.160004,97.32,92.419998,92.599998,92.06176,3326200
2022-11-03,92.550003,93.860001,91.910004,92.300003,91.763504,2071600
2022-11-04,93.650002,95.300003,92.209999,93.879997,93.334312,2475500
2022-11-07,93.93,94.559998,91.730003,93.139999,92.598618,2807600
2022-11-08,94.029999,94.459999,90.309998,92.089996,91.554718,2613600
2022-11-09,91.839996,93.0,91.080002,91.32,90.789192,2614500
2022-11-10,95.519997,97.470001,95.010002,97.129997,96.565422,2937100
2022-11-11,97.690002,98.470001,95.470001,96.169998,95.611008,2892700
2022-11-14,96.029999,96.230003,94.5,94.629997,94.079956,2472400
2022-11-15,96.5,98.370003,95.830002,97.800003,97.231537,4102000
2022-11-16,96.0,96.870003,94.830002,96.5,95.939087,3331100
2022-11-17,97.139999,97.949997,94.339996,97.93,97.360779,4533500
2022-11-18,114.800003,115.900002,106.599998,107.589996,106.964622,11725200
2022-11-21,107.239998,112.839996,106.959999,112.300003,111.647255,4736400
2022-11-22,114.040001,115.800003,112.779999,115.269997,114.599983,4072300
2022-11-23,115.440002,117.290001,114.849998,116.029999,115.355576,3158300
2022-11-25,116.540001,116.809998,114.919998,115.940002,115.26609,1134500
2022-11-28,115.709999,117.169998,115.550003,116.370003,115.693596,2006100
2022-11-29,116.440002,117.510002,115.25,116.790001,116.111153,2674800
2022-11-30,116.779999,118.129997,115.980003,117.669998,116.986031,2916100
2022-12-01,118.050003,118.169998,116.699997,117.980003,117.294243,2104200
2022-12-02,116.139999,119.480003,116.129997,119.0,118.308311,2120600
2022-12-05,117.82,118.099998,116.5,117.360001,116.982582,2022100
2022-12-06,117.699997,119.029999,116.209999,116.529999,116.155251,2651600
2022-12-07,115.93,116.879997,115.150002,115.360001,114.989014,1983900
2022-12-08,115.550003,117.279999,115.239998,117.139999,116.76329,2467600
2022-12-09,116.389999,116.720001,114.800003,114.889999,114.520523,2037600
2022-12-12,115.5,116.419998,114.230003,116.389999,116.015701,1744500
2022-12-13,120.389999,120.389999,116.139999,117.529999,117.152031,2163000
2022-12-14,117.75,118.360001,115.540001,117.419998,117.042389,2184500
2022-12-15,115.940002,116.709999,113.410004,113.690002,113.324387,3293100
2022-12-16,112.889999,114.470001,112.400002,113.949997,113.583542,5324400
2022-12-19,114.25,115.480003,113.669998,114.919998,114.550423,2423900
2022-12-20,114.510002,115.279999,114.239998,114.349998,113.982262,2136400
2022-12-21,115.980003,116.459999,114.589996,115.129997,114.75975,2572000
2022-12-22,113.599998,114.25,112.5,113.959999,113.593513,2250100
2022-12-23,113.860001,115.660004,112.919998,115.480003,115.108627,1317100
2022-12-27,115.839996,116.440002,114.419998,115.040001,114.670044,1362600
2022-12-28,114.980003,115.879997,114.269997,114.290001,113.922455,1321500
2022-12-29,115.279999,116.489998,115.050003,115.860001,115.487404,1593700
2022-12-30,114.940002,116.089996,114.529999,116.07,115.696732,1547900
